Temperatura;Aforo;Sensacion
19;213;1
14;219;0
34;66;0
-9;207;1
-4;225;0
23;62;1
3;202;1
-16;95;1
26;73;0
17;164;0
9;79;0
50;184;1
8;128;1
50;248;1
-18;99;1
6;10;0
-20;209;0
22;67;0
37;31;1
43;88;1
47;210;1
23;98;0
36;46;1
8;151;0
14;93;0
22;222;1
-5;205;0
20;29;1
46;176;0
-17;137;1
-4;63;1
-14;86;0
36;10;1
-15;184;0
34;227;1
25;68;0
-10;154;1
37;148;0
21;107;0
31;133;1
39;125;1
34;70;1
14;55;1
0;209;0
-1;169;1
-4;186;0
28;179;1
6;154;1
24;145;0
-6;240;0
-16;52;1
-2;10;0
-6;164;0
30;70;0
2;133;1
2;46;1
24;139;1
9;160;0
17;130;0
-15;150;0
43;222;1
-1;17;1
-6;23;1
36;83;0
49;225;0
14;206;0
16;37;0
-13;69;0
-8;58;0
27;59;1
25;231;0
36;203;0
24;160;1
-9;77;1
1;65;0
48;153;0
15;134;1
-14;186;0
39;187;1
6;190;1
-10;202;1
-14;61;1
-14;74;1
11;20;1
39;181;0
35;25;0
6;90;0
19;73;1
22;246;1
25;96;0
-19;176;0
10;150;0
28;222;0
-19;8;0
44;56;0
33;161;1
26;118;0
-9;161;1
12;4;1
44;124;0
23;193;0
30;73;0
22;167;1
-19;51;1
-5;27;0
1;147;0
43;58;0
17;36;1
42;208;1
42;21;1
24;202;1
15;146;0
0;92;1
41;195;0
21;24;0
-6;2;0
10;186;0
9;108;1
30;113;1
-5;193;1
34;139;0
-3;81;1
28;48;0
16;112;1
-13;57;0
16;212;1
10;59;0
47;131;1
4;130;1
-2;83;0
35;43;0
46;240;0
-9;65;0
3;130;1
48;17;0
-8;96;1
8;95;0
-4;60;0
11;3;1
20;120;1
-17;74;0
49;241;0
41;122;0
13;116;1
46;81;1
21;149;1
-15;82;1
42;129;1
-6;102;0
46;1;0
-18;153;0
7;111;1
-6;128;1
10;178;1
8;56;0
4;55;1
-18;6;1
40;237;0
7;213;1
9;22;1
15;233;1
-8;216;0
-13;190;1
4;193;0
-8;207;0
-10;34;1
-3;88;1
6;100;0
0;135;1
-1;170;1
24;41;1
-2;143;1
1;27;0
33;138;0
17;33;1
-14;137;0
24;79;1
24;137;0
45;249;0
1;83;0
10;6;0
-2;42;0
-16;81;0
-9;112;0
20;144;1
-4;53;1
24;246;1
8;222;1
-8;167;0
34;232;1
20;31;1
-9;109;0
-19;164;1
36;167;1
39;40;1
32;53;0
-12;95;0
36;214;1
24;117;0
44;2;0
46;12;1
-3;249;0
-1;1;0
27;166;1
13;161;0
-11;244;1
-5;168;0
29;112;0
33;58;1
7;99;0
14;250;1
20;85;1
9;56;0
5;83;0
40;39;1
34;126;1
-10;124;0
42;12;1
16;97;0
36;186;0
39;178;0
-1;31;1
-3;150;0
24;63;0
-20;21;0
38;3;0
-18;26;1
39;48;0
33;248;1
45;5;1
19;12;0
5;141;1
21;46;1
37;237;0
-6;47;1
31;66;1
38;88;0
-11;62;0
10;31;1
-14;159;1
-7;75;0
-11;27;0
3;247;1
47;174;0
18;31;1
-1;137;1
-5;89;0
41;197;0
3;87;0
0;154;0
-7;71;1
-9;158;0
46;6;0
-11;32;1
30;205;1
42;172;1
7;219;1
-20;212;1
49;141;0
33;38;0
23;56;0
35;0;1
-5;22;0
36;0;1
-12;106;0
49;158;1
28;188;0
-6;47;0
-3;116;0
31;179;1
1;222;1
32;166;1
3;114;1
26;201;0
16;134;1
-15;41;0
48;215;1
-16;58;1
21;97;1
2;96;0
-2;65;0
4;166;1
35;137;0
20;64;0
4;164;0
-15;186;0
14;165;1
6;242;1
50;14;0
-3;214;0
30;165;0
13;44;0
-6;32;0
-14;153;1
41;114;1
29;88;1
-7;209;0
-17;223;0
44;183;1
-13;219;1
36;85;0
22;21;1
48;33;0
13;164;1
7;100;0
9;180;0
-8;70;0
20;74;1
-19;79;0
-9;237;0
-8;122;1
-8;95;1
25;47;1
32;144;0
18;226;1
7;101;0
22;158;1
-2;124;1
42;165;0
30;93;0
43;169;0
5;52;0
33;69;0
24;146;1
47;14;1
46;136;0
17;100;1
18;71;0
11;246;0
39;61;0
17;239;1
37;32;1
6;186;1
-6;70;1
47;201;1
13;219;1
40;149;0
42;8;0
32;38;1
5;92;1
-4;239;0
45;160;0
21;113;0
40;21;1
31;143;1
13;220;1
45;92;0
50;7;0
6;210;1
1;236;1
5;193;1
26;103;0
45;46;1
-2;42;1
-17;118;1
42;154;0
-10;247;1
31;179;1
3;138;1
47;177;0
-11;178;1
16;64;0
34;244;0
-7;95;0
8;141;1
48;169;1
21;2;0
9;80;1
29;159;0
17;115;0
47;71;0
15;106;0
26;93;0
27;8;0
2;207;0
19;87;1
-6;37;1
29;126;0
12;124;0
31;134;0
19;156;1
46;235;1
44;169;1
17;9;0
-8;17;1
-4;229;1
24;43;0
43;154;1
14;196;0
-18;107;1
43;221;0
38;72;1
-10;77;0
28;85;1
2;214;0
-12;199;0
32;64;0
-11;183;1
38;14;0
31;37;0
18;249;0
-3;28;1
20;93;1
-16;93;1
44;172;0
-10;151;0
45;199;1
27;23;1
18;193;1
-9;142;0
-13;213;1
18;204;0
-5;236;1
21;15;1
-6;124;0
30;58;0
48;40;0
41;62;0
7;165;0
32;182;0
2;10;0
5;89;0
-9;95;1
-11;71;0
-17;71;0
41;23;1
17;207;1
-13;30;1
-13;56;1
-2;36;0
13;4;0
39;21;0
8;9;1
-19;16;0
-4;142;1
9;152;1
21;149;1
-12;246;0
8;216;1
24;139;1
12;152;0
27;93;1
25;26;0
33;141;0
36;45;1
29;2;1
35;120;1
-19;219;1
-18;164;0
21;181;0
3;50;1
13;224;0
-4;94;1
29;159;1
-11;36;0
-18;15;1
21;53;0
21;188;0
-15;78;0
41;234;0
-3;206;1
46;73;0
20;207;1
2;128;0
-1;48;0
41;162;0
-7;223;0
48;78;0
33;221;1
37;232;1
36;96;0
-2;189;0
-6;109;0
8;183;1
15;152;0
28;204;1
0;9;0
28;68;1
46;166;1
-16;159;0
13;13;1
0;56;0
16;144;0
27;116;1
24;14;0
-4;170;1
14;184;1
5;61;1
32;181;1
-13;123;1
4;200;1
29;26;1
47;175;1
31;159;1
9;136;0
-10;118;0
42;144;0
21;176;0
2;31;1
-2;162;0
18;82;0
39;180;1
36;155;0
30;223;0
36;149;1
26;0;0
1;76;1
2;161;0
41;105;1
10;39;1
-8;17;0
38;51;0
32;80;0
21;151;0
-2;32;0
37;133;0
-18;179;1
40;1;0
-2;147;0
41;143;0
45;35;0
1;105;0
9;211;1
14;133;1
34;201;0
-12;193;1
-4;173;0
24;145;0
45;126;0
8;10;0
15;20;0
3;115;1
-3;219;0
-17;68;0
20;56;0
35;143;0
48;166;1
14;38;1
-2;175;0
20;76;1
11;198;0
10;99;0
1;13;1
47;87;1
35;186;0
-7;213;0
27;118;0
-20;74;1
48;14;1
15;86;0
46;20;0
44;142;1
11;188;0
11;17;1
22;88;0
49;69;1
-20;75;1
4;223;1
43;22;0
44;46;1
8;77;0
38;30;1
-4;157;1
1;150;1
0;217;1
42;2;0
47;139;1
23;195;0
-18;221;1
-12;91;0
-11;133;0
41;172;0
32;163;0
39;193;0
26;50;0
23;175;0
-7;227;1
30;80;0
15;243;1
-18;107;1
40;109;1
23;105;1
29;36;0
36;178;0
37;146;1
40;6;0
-13;138;1
44;45;1
45;135;1
18;232;0
8;210;1
6;190;0
4;126;0
3;8;1
-3;11;0
-3;192;0
-7;117;1
-1;181;1
-9;61;0
-11;25;0
-16;154;1
-15;7;1
-1;38;1
-3;233;0
48;108;1
-15;183;1
-17;60;1
18;178;1
-10;30;0
46;100;1
36;71;0
10;236;1
17;113;0
33;22;0
15;73;1
12;233;0
38;143;1
43;138;0
23;54;0
35;35;0
47;241;0
-16;156;1
37;101;0
38;142;1
48;34;0
9;112;0
15;241;1
-14;38;0
39;16;1
17;76;1
-18;86;1
25;25;0
-13;142;1
-12;35;0
14;250;1
17;234;1
20;94;1
13;0;0
-16;173;1
30;27;1
4;219;0
30;23;1
43;83;1
3;128;0
1;214;0
12;191;1
-17;132;0
29;48;0
32;3;1
31;13;1
27;63;0
21;147;1
50;111;1
-10;6;0
-12;108;0
42;25;1
41;84;1
19;226;1
-11;148;0
-1;21;0
16;154;1
-12;207;1
19;43;1
48;50;1
41;170;0
33;148;0
-7;115;0
47;154;0
-8;181;0
1;124;0
-18;224;0
2;85;0
-7;121;0
5;181;0
0;175;1
5;238;0
2;137;1
-2;12;0
-10;129;1
-10;167;0
-16;204;0
15;167;0
-11;128;0
-9;6;0
22;124;1
26;85;1
-12;67;0
44;41;1
35;73;1
5;241;0
4;241;1
-4;194;1
25;75;1
23;42;1
-8;40;1
15;128;0
47;27;0
-14;246;0
14;195;1
27;90;0
-18;85;1
4;133;1
37;58;0
21;213;0
47;82;0
49;115;1
46;113;1
20;197;1
50;45;0
-6;52;0
16;170;0
2;4;0
12;97;1
2;132;1
48;83;0
20;142;1
-8;166;1
-11;246;1
38;45;1
31;59;0
-17;248;0
-14;152;1
-15;155;0
9;209;1
27;125;0
5;78;0
-8;166;0
-14;132;0
0;41;0
-3;26;0
29;206;1
20;192;0
24;5;0
1;198;1
38;107;1
10;51;0
13;130;0
-1;61;1
30;9;0
24;19;1
41;84;0
16;200;1
26;77;1
3;223;0
28;238;0
50;208;0
1;54;1
-4;165;1
5;64;0
40;195;1
-19;79;1
4;44;0
32;4;1
-10;13;1
-13;43;0
45;61;1
45;111;1
-14;104;1
27;71;1
4;211;0
-9;49;0
21;212;1
23;148;1
17;130;0
23;219;1
29;144;0
-15;195;0
18;64;0
39;86;1
18;2;1
-13;226;0
32;40;1
13;217;0
42;246;1
-16;181;0
15;242;0
3;136;0
35;199;1
-12;106;1
20;45;0
-14;144;0
43;144;1
9;63;1
39;207;1
50;43;0
-3;17;0
30;218;0
30;179;0
47;97;0
44;26;0
17;191;1
27;208;1
22;146;1
19;112;0
40;85;1
41;102;1
19;24;1
44;18;1
-3;0;1
22;98;1
1;240;0
-7;229;1
35;22;0
19;37;0
3;146;0
-8;69;0
50;68;0
16;239;0
-20;245;0
-8;40;1
-15;88;0
40;25;0
-11;152;0
-20;225;1
-6;134;1
34;24;1
8;26;1
-17;128;1
25;35;0
46;200;0
4;214;0
9;184;1
11;169;0
7;81;0
-9;22;1
17;99;0
16;145;0
20;198;1
16;83;0
11;165;1
39;227;0
35;237;0
-1;156;0
9;58;0
-20;138;1
32;223;0
21;144;0
-13;59;0
-3;188;1
-9;122;1
28;224;1
34;196;0
-6;21;0
-18;142;0
-18;219;1
46;235;0
5;212;1
33;69;0
31;196;0
6;247;0
6;85;1
43;54;0
28;155;1
14;7;1
-5;103;1
16;195;1
47;115;0
24;143;1
-3;229;0
-6;139;1
33;228;1
6;249;1
35;136;1
-8;201;1
27;140;0
-4;67;1
41;100;1
48;38;0
-10;82;1
29;225;1
12;75;1
-9;241;0
-14;227;0
-8;79;1
50;4;0
18;223;0
14;98;1
-12;80;0
-6;89;1
19;54;1
32;4;1
5;37;0
44;209;1
43;10;1
7;176;1
8;11;1
10;38;1
-19;12;1
-3;103;1
45;250;0
39;141;0
19;231;1
32;184;0
38;95;1
16;104;0
36;162;1
-8;174;1
-18;210;1
19;91;1
-13;110;0
36;246;1
14;121;0
10;52;1
26;250;1
42;56;0
15;33;0
42;224;1
2;106;0
2;182;1
23;223;0
-5;90;1
-4;157;1
50;112;1
35;142;0
49;162;1
25;156;1
47;27;0
28;194;1
10;195;0
48;64;1
9;191;1
38;87;1
-15;45;1
37;115;0
44;71;1
25;239;1
50;203;1
36;142;0
-7;169;0
2;213;0
6;8;0
-16;82;1
31;133;1
25;26;1
12;82;0
35;62;0
10;0;0
43;65;0
-8;67;0
49;29;0
23;147;0
2;40;0
9;232;0
17;191;0
3;174;0
8;63;0
33;144;1
34;99;1
48;57;0
42;145;1
3;190;1
22;75;0
6;115;0
-14;145;1
36;67;0
17;245;1
-9;29;0
10;6;1
16;114;1
0;234;1
7;138;1
44;41;1
1;186;1
43;86;0
11;158;1
-4;123;0
2;241;1
-12;44;1
33;235;0
-16;7;1
9;208;0
42;106;1
-5;124;1
27;240;0
-7;119;0
15;61;1
12;208;1
5;66;0
-13;217;0
-2;77;0
-11;84;1
10;190;0
-14;33;1
-8;68;0
36;128;1
39;23;0
50;242;1
-2;15;0
2;159;1
-2;24;1
22;242;0
22;187;0
-11;146;0
-4;215;0
26;132;0
40;180;0
-3;171;1
12;183;0
45;207;0
16;186;0
39;193;0
19;249;0
41;246;1
0;43;1
-9;48;1
43;54;1
22;145;0
47;224;1
-14;129;1
7;127;1
42;61;0
-13;79;1
23;66;1
45;188;0
-5;85;0
13;218;1
-19;63;1
45;245;1
-10;161;1
-18;213;0
7;88;0
-15;34;0
-18;108;1
32;19;0
21;101;0
32;158;1
-17;197;0
-8;110;1
25;202;0
-20;171;0
12;180;1
37;107;0
49;213;1
42;172;1
40;218;1
39;95;0
13;95;0
11;241;1
45;134;1
-2;220;1
25;178;1
6;139;1
48;43;1
6;51;0
35;23;1
18;171;1
29;38;0
16;203;0
5;74;0
24;66;1
-9;246;1
28;102;1
-11;219;1
13;155;1
-11;30;1
7;178;1
16;138;1
34;23;0
43;18;0
26;176;0
46;43;1
39;182;1
10;141;1
22;103;0
36;70;0
10;165;0
39;39;0
33;141;1
14;144;1
-3;226;0
32;5;1
14;15;1
26;88;1
25;211;0
-4;88;0
-17;21;0
-15;26;1
-4;245;1
-13;199;1
25;103;0
14;100;1
41;27;1
-15;144;1
40;200;0
27;163;0
-8;187;1
33;115;0
45;125;0
49;30;1
-3;6;0
-1;101;0
14;108;0
-2;199;0
31;47;1
1;163;1
43;69;0
10;179;1
27;218;0
-12;201;0
14;26;1
-20;116;0
-14;11;1
48;0;1
25;150;0
13;225;0
29;72;1
-17;92;1
26;44;0
47;179;0
3;143;1
5;110;0
26;149;0
45;225;0
-3;106;0
31;218;1
42;120;1
22;2;1
43;159;0
-5;224;1
25;96;0
-20;70;1
26;112;1
47;175;0
-2;92;1
-14;42;0
-9;171;1
-5;37;0
-15;24;0
23;60;0
41;169;0
-5;13;1
-14;66;0
-2;84;1
26;85;1
18;20;0
6;239;0
18;179;0
25;38;1
-17;79;1
-10;122;1
40;33;1
32;196;1
27;63;0
40;70;1
-11;243;0
-4;119;1
-12;11;1
40;163;1
13;222;0
8;209;1
-6;21;0
36;181;0
-19;57;1
-14;198;1
-19;121;1
17;241;0
48;153;0
10;196;1
11;118;0
34;58;0
6;89;1
33;202;0
27;48;0
23;80;0
40;100;0
2;63;1
-18;113;0
1;188;1
47;212;1
30;150;1
38;89;1
28;39;0
17;78;0
34;61;0
29;79;1
-3;75;0
34;25;0
0;82;0
16;127;0
-7;45;1
46;151;0
-6;182;0
-10;240;0
15;66;1
0;152;0
-19;65;1
-16;113;1
45;140;0
39;81;1
24;20;0
-10;69;1
34;235;0
-14;227;0
26;242;0
36;146;1
16;218;0
4;12;0
50;177;1
13;45;0
42;94;0
-13;37;1
12;56;0
18;126;0
48;124;1
-4;57;1
-2;92;0
35;150;1
-12;243;1
11;154;0
10;20;1
13;88;1
49;79;0
7;58;0
-14;42;1
11;76;0
44;83;1
44;194;0
45;88;1
27;128;1
33;40;0
28;132;0
47;114;0
6;118;0
0;101;1
12;67;0
11;162;0
19;184;0
-20;226;0
22;250;0
18;80;0
33;108;1
36;192;0
-3;17;0
0;194;1
-11;113;1
-9;233;0
-18;2;1
13;215;1
49;63;0
38;129;0
27;250;0
8;182;1
-10;106;0
9;35;1
7;167;1
32;209;0
-9;39;1
31;225;1
33;75;0
-15;109;1
-8;161;0
43;220;1
39;174;1
41;51;1
28;19;1
22;2;0
-20;104;0
-11;244;0
28;11;1
15;70;1
19;211;1
12;174;0
12;230;0
-18;153;0
-14;33;1
17;109;1
-14;61;0
-4;236;0
30;9;1
11;18;1
-20;6;1
-14;181;1
-2;156;1
-6;17;1
-11;215;0
9;103;0
34;126;1
11;143;1
44;4;0
-13;125;0
-20;204;1
18;31;0
32;128;0
2;196;0
17;97;0
50;221;0
-13;201;0
2;35;1
17;199;0
-8;39;0
2;152;0
16;153;0
5;117;0
15;9;1
41;230;0
-3;65;0
49;176;1
29;175;1
-17;74;0
12;174;0
35;8;1
16;203;0
42;21;1
-13;115;0
37;7;1
-5;36;1
45;153;0
28;161;1
-13;244;1
-5;69;0
46;38;1
-19;238;0
7;77;1
-15;27;1
16;48;0
21;114;0
30;231;1
40;211;0
-7;15;0
17;188;0
12;223;0
16;186;0
-6;35;1
8;111;1
7;192;0
27;241;1
8;113;0
37;236;0
32;47;0
18;220;0
24;127;1
26;153;0
21;24;1
-3;23;1
0;81;0
41;110;1
23;126;1
41;230;0
21;138;1
25;86;1
23;184;1
33;217;0
35;166;0
31;81;1
-20;30;0
-9;210;1
-14;161;0
1;161;0
10;186;0
26;175;1
15;202;0
23;144;1
38;83;1
7;138;0
24;18;0
-3;11;0
21;167;0
35;104;0
27;34;0
-11;228;0
-13;221;1
21;220;0
11;121;0
-5;13;0
42;1;1
-16;201;0
8;150;1
0;34;0
36;192;1
17;215;0
28;139;0
48;175;0
-3;22;0
-6;211;1
41;249;1
22;7;0
-5;69;0
4;107;0
33;228;0
32;194;1
12;223;0
-4;218;0
43;210;0
44;139;0
-19;175;0
48;56;0
-14;88;0
32;70;0
27;122;0
9;6;1
35;236;0
4;159;0
14;227;1
39;82;1
31;75;1
21;109;0
4;168;0
-18;69;1
18;235;0
-16;82;0
42;211;0
-2;53;1
31;198;0
38;151;1
7;154;1
14;92;0
32;135;0
-17;189;1
-17;21;0
27;39;1
-3;62;0
35;113;0
8;44;1
-12;38;0
43;29;0
-1;220;1
-17;203;1
3;201;1
18;34;1
39;247;0
40;238;0
-4;148;0
-19;240;1
41;237;1
28;3;1
13;113;1
41;86;1
4;216;1
19;201;0
2;53;1
7;241;1
-11;34;0
44;7;0
44;122;1
24;205;0
10;52;0
13;98;1
1;193;1
30;141;0
34;30;0
-10;121;1
-13;200;1
-16;21;0
-17;79;0
25;129;0
-14;117;0
7;107;1
37;172;0
48;148;1
-14;101;0
43;183;0
15;17;0
28;126;0
42;34;0
-1;197;0
3;119;1
43;43;1
42;154;1
-7;95;0
40;88;1
9;16;1
13;54;0
-15;90;0
23;23;0
14;157;0
22;132;1
-16;247;1
-20;146;0
-15;202;0
-13;177;1
33;23;1
-17;133;0
42;5;0
42;139;0
9;226;1
11;233;0
-16;240;1
18;106;0
10;80;0
40;115;1
43;161;0
31;214;0
18;58;0
30;202;1
-8;156;0
-2;86;1
42;211;0
49;17;1
20;63;1
22;69;0
-3;155;1
6;69;1
-5;40;1
5;29;0
-17;176;1
6;192;0
50;241;0
12;192;1
38;157;0
31;65;0
50;79;0
-20;94;0
-18;97;0
16;223;0
23;208;0
-7;129;1
-8;228;1
33;0;0
47;122;1
34;193;0
14;38;0
44;86;1
3;213;1
12;57;1
0;168;0
-1;209;1
-6;4;0
14;1;0
21;82;0
-2;110;1
49;47;0
-12;207;0
37;138;0
7;221;1
10;113;1
-17;182;0
43;85;1
16;181;0
20;219;1
25;200;0
13;146;1
9;159;0
-12;235;1
10;245;1
-14;125;1
34;82;1
-2;102;1
-4;93;1
6;82;0
-14;198;0
44;39;0
23;31;0
24;10;0
35;179;0
36;191;0
48;97;1
10;147;1
-11;244;0
0;194;0
10;76;0
15;156;0
23;122;1
16;120;0
-12;233;1
21;189;1
13;34;0
26;84;0
-7;111;0
23;150;1
37;47;0
8;52;0
13;207;1
-19;18;0
21;31;0
37;188;0
33;35;1
-5;7;0
-1;73;1
24;15;1
-6;14;1
-4;36;0
44;197;1
14;186;1
1;183;1
-15;238;1
29;207;0
8;142;0
48;111;1
22;81;0
-20;210;1
37;245;1
25;74;0
20;114;0
10;100;0
43;63;1
50;11;0
16;117;0
-10;243;1
-15;212;0
-20;19;0
-16;110;0
16;103;0
23;184;0
-16;4;0
24;200;0
3;51;0
38;9;1
-20;141;0
-5;23;0
-12;21;0
38;137;1
31;91;0
-9;20;1
-19;248;1
-18;6;0
17;243;1
14;121;1
22;87;0
42;136;1
10;30;1
44;123;0
27;86;0
48;74;0
9;7;0
23;54;0
-14;67;1
-16;227;1
38;145;0
5;210;1
39;250;0
0;144;1
1;185;1
-6;79;0
24;0;1
8;62;0
45;205;1
40;218;0
-12;152;0
-17;156;0
-20;37;1
17;231;0
23;218;0
23;133;1
-8;226;1
5;193;1
-13;176;0
23;88;1
20;172;1
29;220;1
8;150;0
-7;71;0
4;146;1
35;86;0
39;200;1
29;82;1
15;30;0
22;200;0
21;85;0
-16;189;1
49;47;0
28;67;1
4;18;0
14;164;0
12;94;0
35;64;1
30;156;1
0;229;0
-6;209;1
-9;57;1
-1;14;1
-19;8;1
40;112;0
47;173;1
18;201;1
42;207;1
29;13;1
42;58;1
31;203;0
0;245;0
-13;110;0
18;91;1
42;13;0
50;3;0
-14;157;0
37;181;1
-5;151;1
-15;122;1
11;216;0
32;79;0
29;105;0
46;41;0
16;188;0
-9;0;0
14;239;0
28;196;1
1;222;1
-18;173;0
12;242;0
31;212;0
33;245;0
29;21;1
18;115;1
13;195;1
35;206;1
-17;79;0
-15;194;0
8;231;0
30;103;0
14;180;1
31;68;0
23;112;0
33;32;0
31;128;0
37;49;0
43;91;0
21;190;1
-17;80;1
10;88;0
1;190;1
48;201;1
41;203;1
16;187;0
16;167;1
19;55;0
31;207;1
40;213;1
42;202;1
6;187;1
25;61;1
9;36;1
29;140;0
39;56;1
5;163;0
-16;177;0
-4;115;0
24;186;0
43;235;0
2;133;0
50;188;0
27;191;1
31;39;0
36;241;1
0;145;0
41;11;1
28;233;0
16;18;0
-11;135;0
0;39;0
-4;161;1
48;157;1
36;219;0
-18;93;0
19;199;0
-8;34;0
24;59;0
21;151;0
44;202;1
1;36;0
39;219;1
-12;248;0
-8;211;0
46;240;0
16;45;1
5;102;1
17;198;0
-8;104;1
17;47;1
26;100;1
29;80;0
44;247;1
14;234;1
27;232;0
-14;131;1
-8;219;0
-2;200;1
48;38;1
-17;172;1
4;24;1
50;89;1
-11;149;1
38;116;0
-9;148;1
-11;107;0
21;157;0
23;32;1
19;142;1
3;221;1
-8;201;1
-9;206;1
32;213;0
47;83;0
8;224;1
-20;162;1
43;205;0
39;54;1
11;63;0
25;10;0
30;2;0
-3;23;0
-6;168;0
20;195;0
47;153;1
3;207;1
43;111;1
-19;49;0
8;153;1
12;194;0
41;115;1
39;181;1
10;54;0
40;245;1
39;163;1
16;17;0
-8;125;0
6;226;0
7;161;1
7;67;1
24;181;0
16;226;1
46;140;1
19;134;1
14;121;1
41;213;1
48;226;1
7;49;0
33;194;1
-20;33;1
-17;216;1
-20;209;1
21;208;0
39;106;1
0;215;0
2;226;0
26;247;0
-18;139;0
31;249;1
14;195;1
38;124;1
37;96;1
-9;112;0
50;72;0
14;242;1
0;76;1
34;136;1
6;77;1
-4;37;1
11;213;1
-12;86;1
46;0;1
42;42;0
23;115;0
-5;145;0
10;43;0
-8;41;0
45;91;0
-16;202;0
46;204;1
-3;181;1
-15;40;0
33;67;1
20;59;0
-13;84;0
37;43;1
28;2;1
14;20;0
1;144;1
40;132;1
24;107;0
0;238;0
-16;66;1
10;91;1
26;188;0
-8;46;0
34;173;1
-19;112;0
4;89;1
-10;19;0
50;165;1
3;66;0
-19;83;1
-17;64;1
-20;176;0
14;205;0
50;222;0
-16;128;1
44;147;1
31;36;1
45;184;0
9;134;1
20;193;0
26;201;0
-5;98;1
-2;179;0
-19;81;0
28;115;0
17;165;1
-5;161;1
10;168;1
49;35;0
20;161;1
-4;219;0
32;183;0
-13;177;0
22;27;1
13;34;0
13;44;0
10;38;0
35;47;0
-7;210;1
27;200;1
31;104;0
50;28;0
41;23;1
37;211;1
26;242;1
38;238;0
16;17;0
40;29;0
-16;47;1
1;47;1
18;88;1
18;71;1
19;123;0
6;14;0
-13;172;0
49;152;0
6;134;1
15;35;0
-11;5;0
-6;229;1
18;152;0
46;221;0
-16;0;1
34;76;0
46;11;0
13;24;1
40;1;1
-13;127;0
2;154;1
0;226;0
37;176;1
37;155;0
6;1;1
-17;89;0
37;119;0
0;180;1
-2;78;0
-18;28;0
-4;141;1
7;192;1
4;40;0
1;67;0
34;104;0
-19;211;1
36;106;1
39;85;1
25;83;0
18;108;1
6;230;1
29;164;1
16;167;0
34;47;0
-20;176;0
38;235;0
-1;15;0
25;60;1
4;57;0
2;148;1
-10;189;1
40;73;1
-5;119;1
22;177;1
-1;42;1
44;85;0
24;215;0
47;3;0
43;87;1
-18;214;1
20;94;1
-6;202;0
-19;213;0
18;116;0
-14;121;0
12;179;0
27;53;1
39;81;0
28;171;1
-5;27;0
12;201;1
-9;84;0
-3;164;1
-8;157;0
-16;220;1
23;154;0
15;203;1
6;116;1
32;201;1
-9;84;1
0;31;0
42;73;0
-4;10;0
42;4;1
-20;160;1
3;61;0
24;166;1
-19;41;0
43;16;1
-3;150;0
33;46;0
36;220;1
19;50;1
19;231;1
20;11;1
42;99;1
46;118;0
25;121;0
36;153;1
-7;106;0
26;247;1
-12;51;1
-12;249;0
13;9;1
47;198;1
33;0;1
30;213;0
-8;77;1
-13;223;0
11;191;1
0;203;0
7;53;0
-11;209;0
3;200;1
19;149;0
46;245;0
7;76;1
-2;68;1
-6;153;0
-5;86;0
-17;134;1
10;182;1
-14;128;1
-17;84;0
9;177;1
0;167;1
31;129;0
27;27;0
16;204;1
24;140;1
-16;147;0
-13;32;1
10;24;0
-9;97;1
4;17;0
41;221;0
24;179;0
-11;70;1
35;187;1
26;168;0
-8;90;1
32;144;0
-5;213;1
-5;72;1
-18;176;1
-2;185;1
-10;75;0
-17;96;1
3;74;1
-20;19;0
38;89;1
32;144;1
-9;176;1
14;96;1
29;88;1
46;236;0
-1;86;1
19;29;1
-3;217;0
50;141;1
-12;95;1
30;124;1
23;240;1
20;176;0
24;4;0
14;169;1
-10;102;1
40;5;0
20;11;1
43;168;0
-18;102;1
50;95;0
17;91;0
9;235;1
5;140;1
44;131;0
27;190;0
12;150;0
44;99;0
48;191;1
9;4;0
39;85;0
11;243;1
23;191;1
-11;118;0
-13;33;0
-10;189;1
-6;98;1
7;0;1
0;167;1
43;38;1
10;33;1
28;52;1
16;123;0
25;87;0
-3;169;0
38;232;1
33;146;1
12;15;0
-15;237;0
18;93;1
34;100;0
12;19;0
14;46;0
-17;24;0
-13;192;0
-15;129;0
21;31;1
7;174;1
-16;246;0
48;106;1
-13;186;1
-15;68;0
36;168;0
47;18;1
-2;217;0
-20;235;0
0;129;1
34;227;0
11;151;1
-7;139;0
20;60;1
18;163;1
11;114;1
8;122;0
16;201;1
-3;100;1
-6;169;1
-7;116;0
5;161;0
-19;64;0
4;158;1
-18;242;1
43;119;1
28;78;0
48;71;1
43;224;0
-15;39;0
-18;181;0
-16;116;0
-17;238;1
21;87;1
30;147;1
30;5;0
5;203;0
48;151;1
32;67;1
30;166;0
30;74;0
-9;40;0
50;171;0
-19;234;0
3;11;0
13;152;1
-7;148;1
19;204;1
-15;44;1
8;81;0
-10;100;0
3;65;0
28;6;0
49;157;1
-17;225;0
0;85;0
27;221;1
47;211;1
-14;231;1
45;74;1
-11;129;0
-18;111;1
34;200;0
30;163;0
48;43;0
14;131;1
12;57;0
49;241;0
45;179;0
9;215;1
26;120;0
12;91;1
46;105;0
-8;214;1
26;160;0
24;244;0
10;53;0
30;163;1
46;232;0
-15;164;1
-7;126;0
-10;68;0
-8;193;0
18;70;0
9;87;1
26;63;1
46;71;1
-18;206;0
-13;207;1
29;34;0
28;12;0
40;59;0
-19;41;0
42;241;1
-18;53;0
20;157;1
35;148;1
-3;29;0
26;35;0
47;102;0
19;187;1
16;52;0
-11;180;1
-15;210;1
21;122;0
33;147;0
30;109;0
19;22;1
2;99;1
-3;197;0
50;244;0
1;74;1
-13;246;1
17;102;0
5;117;0
-10;32;1
37;112;0
6;145;0
12;101;1
4;161;0
44;147;1
27;98;1
13;187;0
2;90;1
7;195;1
6;212;1
4;50;0
24;82;0
-2;215;1
16;198;0
18;75;0
16;15;1
33;246;0
18;212;0
-16;27;1
43;71;0
-6;225;0
35;111;0
18;170;0
49;33;1
-8;158;1
33;210;1
27;81;1
29;148;0
24;143;0
2;187;0
50;153;0
17;80;0
-3;167;0
25;208;0
3;76;1
26;185;1
-16;176;1
13;248;0
-15;215;1
9;38;0
41;165;0
21;42;0
-20;204;1
16;180;1
22;158;1
7;57;0
34;44;1
27;187;0
32;240;1
-15;106;0
16;90;0
30;89;0
47;189;1
-19;184;1
44;110;0
0;17;1
-14;22;0
36;189;1
49;135;1
44;125;1
-12;55;0
47;131;0
21;90;1
48;197;0
29;15;1
6;138;0
-7;92;0
46;33;1
8;63;1
43;141;0
27;211;1
8;214;0
-20;190;0
28;240;1
25;214;0
27;2;0
7;84;1
35;29;1
21;81;1
25;127;1
37;61;1
16;183;1
-6;40;0
11;129;1
18;22;1
-8;219;1
10;35;1
-4;182;0
-18;249;1
30;205;0
42;188;1
42;106;1
3;81;0
1;126;1
38;73;1
28;167;0
-16;4;0
-15;22;1
-8;134;1
2;149;1
-6;133;1
19;19;1
-12;175;0
28;142;1
17;219;1
4;88;0
-20;242;1
39;151;0
-2;163;1
1;187;0
38;243;1
3;113;1
17;105;0
-3;4;0
36;148;0
-10;57;1
-20;111;0
-4;68;1
45;166;1
37;89;1
3;174;0
32;94;1
33;142;0
14;45;1
14;153;1
-15;143;1
13;111;1
14;169;0
-2;3;1
-14;90;1
28;194;0
-8;64;0
-16;204;1
-12;68;1
50;14;1
-13;149;0
-12;200;0
-13;69;0
-17;36;0
44;211;1
41;110;1
-11;120;0
35;82;0
4;86;1
22;226;1
42;50;0
42;67;1
6;227;0
43;57;1
-5;23;1
48;96;0
48;10;0
-4;25;0
2;118;0
0;125;0
10;154;0
-14;88;1
48;5;1
15;156;1
23;80;1
31;205;0
-1;155;1
17;96;0
-13;194;1
-19;56;0
26;64;1
21;81;0
-18;65;1
48;163;1
50;137;0
48;182;0
8;191;1
1;5;0
27;129;1
37;248;0
-6;39;1
2;32;1
33;102;1
-12;67;0
47;7;1
29;164;1
13;14;0
-15;42;0
15;170;1
14;235;1
12;1;0
-1;180;1
44;194;1
-17;133;1
39;170;0
-4;28;1
47;232;0
7;91;0
11;4;1
28;44;0
-15;17;1
36;145;0
-17;10;0
42;134;1
46;246;1
23;186;1
29;197;1
33;219;1
41;59;1
4;162;0
38;77;0
46;239;0
48;166;0
-15;153;0
47;224;0
-4;162;0
-4;95;0
10;167;0
21;82;0
35;158;0
7;69;0
15;87;1
-17;61;0
-14;139;0
-19;113;1
25;64;0
46;15;0
38;124;0
17;55;1
36;70;1
34;12;1
44;129;0
-13;181;1
38;231;0
-20;2;1
-11;229;0
-12;226;1
26;219;1
-20;32;0
-17;173;0
28;14;1
39;227;1
-14;72;1
19;120;0
44;128;1
34;191;1
32;15;1
40;88;0
-18;44;0
39;88;0
19;97;1
45;136;0
-8;128;1
33;108;1
2;51;1
42;176;0
2;41;0
-4;172;1
26;14;1
1;249;1
44;105;1
-8;168;1
41;41;0
23;196;1
-5;174;1
19;97;1
26;36;1
1;227;1
20;94;0
-19;131;1
17;2;0
7;143;1
8;23;0
37;66;1
-16;118;1
6;148;0
14;96;1
18;136;1
-4;113;1
50;105;1
40;111;0
-13;153;0
-11;169;1
-13;214;0
-4;150;0
21;105;1
49;82;1
-7;92;0
11;107;0
41;66;0
6;9;1
-11;187;1
-12;203;0
31;41;1
-7;153;1
-4;90;1
-7;175;1
19;131;0
49;14;1
18;85;1
33;228;1
-4;79;0
45;244;0
-3;52;1
36;38;0
30;185;0
0;167;0
30;84;0
8;31;1
45;72;0
-6;57;0
47;42;0
25;98;0
-16;104;0
4;153;0
18;4;1
-6;107;1
30;7;1
45;115;0
23;196;1
1;29;1
-6;218;1
19;204;1
47;39;0
31;198;0
41;92;1
35;31;1
-13;222;0
21;152;1
1;34;1
-8;184;1
8;13;0
-5;196;1
-10;26;1
-12;2;1
25;95;0
4;29;0
21;85;0
-15;95;0
48;177;0
5;139;0
-6;39;1
39;81;0
45;27;1
28;200;1
-13;52;0
16;19;0
-19;105;0
45;224;1
19;238;1
40;195;0
30;13;0
28;244;0
-12;245;0
19;168;1
-6;234;0
31;193;0
-7;19;1
15;136;1
11;167;1
-8;14;0
39;155;1
30;166;0
46;230;1
9;10;0
13;57;0
40;240;0
-6;219;0
12;117;0
50;76;0
-7;98;1
-17;161;0
19;206;0
-19;36;1
39;217;1
-9;2;0
23;227;0
-15;152;1
33;213;0
-20;103;0
6;104;1
-1;35;1
33;75;1
32;73;1
22;151;1
46;18;1
2;208;1
16;7;0
19;9;0
21;122;0
-1;175;1
-5;52;1
11;218;1
30;78;0
31;70;0
10;234;0
2;195;1
13;113;1
30;180;0
43;203;0
19;146;1
24;0;0
11;108;1
3;134;0
2;12;1
17;25;1
6;158;1
-6;221;1
-8;223;1
-19;88;0
18;186;0
42;239;1
-1;68;0
22;199;0
47;243;1
25;170;1
45;8;0
26;215;1
5;8;0
20;89;1
23;49;1
48;122;0
14;33;0
-7;115;0
-9;98;1
50;206;0
12;139;0
45;50;0
5;48;1
-17;135;1
15;93;1
49;63;1
-15;191;1
-14;147;0
45;190;1
46;63;1
-17;67;0
-6;69;0
3;33;1
39;171;1
-19;62;1
23;40;0
-9;61;1
-8;147;1
46;58;0
-12;83;0
4;162;1
33;164;0
23;228;1
37;130;0
-18;41;0
21;8;0
-13;120;0
40;148;0
19;237;1
13;46;1
-2;91;0
-15;98;0
38;87;1
-10;93;0
-4;62;1
20;154;0
8;142;1
24;196;1
-11;183;0
19;121;1
34;150;1
25;20;0
5;35;1
27;236;1
28;33;1
18;240;0
2;160;1
45;23;1
37;107;1
-15;235;0
-18;110;1
12;222;0
45;54;0
32;238;1
24;127;0
28;73;1
22;29;1
31;81;1
14;178;0
-4;17;1
-10;150;1
37;43;1
31;185;0
39;161;0
-1;16;0
21;220;0
-9;155;1
31;9;0
23;61;0
8;187;1
44;171;1
43;5;1
34;120;1
-17;29;1
-11;174;1
2;206;1
17;146;1
11;241;1
12;80;1
37;36;1
11;128;1
11;223;0
21;13;1
10;96;0
30;203;0
29;113;1
0;75;0
-5;151;0
-6;237;1
8;81;0
-1;33;1
25;186;0
9;169;0
13;10;0
-18;84;0
-1;22;1
11;24;0
32;27;0
-12;111;0
-3;109;0
47;232;0
-8;102;0
50;12;0
37;77;1
-18;151;0
39;204;0
17;189;1
40;197;1
39;166;0
-9;154;0
26;4;0
22;13;0
35;24;0
-13;104;0
5;129;1
18;188;1
8;13;0
43;29;1
-12;139;0
35;234;1
5;112;1
27;59;1
46;48;1
29;110;1
3;208;1
33;83;0
-12;74;1
18;184;0
-2;49;0
23;40;1
3;54;1
8;182;0
20;52;0
-20;99;0
30;22;0
18;32;0
-18;123;1
-18;145;0
44;34;0
24;58;1
33;250;0
21;185;0
29;129;0
7;130;0
-10;92;0
42;21;0
37;51;0
39;246;1
-5;36;1
1;88;0
0;187;0
-15;121;0
-2;157;0
-10;183;0
4;120;1
13;18;0
-2;113;1
2;231;0
-12;171;1
-1;244;1
22;14;1
33;227;0
16;44;1
28;190;0
15;119;1
50;234;1
24;8;0
-8;92;0
38;166;0
33;205;0
34;2;0
2;178;0
39;158;0
-5;179;1
-20;69;1
35;62;1
10;101;0
-5;5;0
3;143;0
14;19;0
44;56;1
3;114;0
37;80;0
14;157;0
-12;113;0
-13;234;0
12;42;1
44;198;1
-17;138;0
50;249;1
-12;82;1
-13;1;1
50;110;0
41;173;1
-16;88;1
-4;204;0
15;189;0
-14;98;0
22;133;0
29;232;0
-5;184;0
46;154;0
0;213;1
3;165;0
30;92;0
13;203;1
32;94;1
32;115;1
40;100;0
11;78;0
-13;232;0
5;133;0
45;134;1
-11;176;0
34;105;0
-11;6;0
0;243;1
3;76;1
24;214;0
27;166;1
-1;60;0
31;203;1
37;29;0
32;197;1
6;133;0
34;212;0
-10;188;1
20;74;1
-2;152;1
29;186;0
38;104;0
-7;96;0
22;173;1
1;231;1
0;10;1
-3;153;1
-4;94;0
16;94;0
33;193;1
-6;140;1
39;248;0
28;59;0
0;147;1
-17;128;0
23;36;0
15;101;1
46;155;0
10;203;1
35;95;0
27;160;1
49;14;1
23;49;0
31;171;1
7;69;0
-13;86;0
-17;92;0
50;144;1
5;69;0
11;145;1
1;123;1
26;202;1
15;134;1
4;66;0
11;90;1
10;241;1
-16;115;1
40;115;0
39;90;0
-7;97;0
7;48;1
13;131;1
0;110;1
38;225;0
15;84;1
2;210;1
22;163;0
27;196;0
26;57;0
28;18;0
37;155;0
-10;39;1
-6;236;1
50;127;1
-20;82;0
10;51;0
16;197;0
15;245;0
37;115;0
33;189;1
3;181;0
41;80;0
11;86;0
-10;245;0
14;137;0
-17;97;0
-15;191;0
40;56;1
47;89;1
-16;9;0
8;233;0
-9;124;1
48;118;1
-15;26;0
-12;88;1
2;175;1
19;160;1
34;110;1
11;128;0
38;129;0
22;206;1
39;233;1
15;51;1
31;97;1
41;1;0
-5;106;0
30;155;0
3;209;0
-18;105;0
44;228;0
30;112;0
44;192;0
18;236;0
13;103;0
23;122;1
12;114;1
22;55;1
-6;230;0
1;207;1
41;87;1
35;204;1
11;226;1
31;82;1
49;36;0
1;235;1
38;124;0
30;153;1
21;211;0
1;162;1
44;73;1
37;165;1
32;76;0
18;90;1
10;172;0
17;43;1
50;223;1
31;224;0
0;95;1
1;184;0
-5;207;0
-7;160;0
11;127;0
16;178;1
48;49;1
24;69;0
21;38;0
26;172;1
-9;205;1
50;213;0
14;217;1
37;219;0
22;105;1
21;68;0
47;16;1
-4;207;1
-2;41;1
-1;158;1
-2;9;1
42;66;1
10;28;0
-2;23;1
-7;99;1
15;63;1
13;59;0
21;37;0
-13;52;1
31;215;1
5;204;0
-20;15;0
45;84;0
35;71;0
44;152;1
26;59;0
8;217;1
43;165;1
46;111;0
11;95;1
46;124;1
16;172;0
-7;92;1
20;110;0
17;1;1
34;135;0
43;222;1
48;165;1
17;130;0
-17;209;0
21;5;1
1;168;1
-2;43;0
0;134;1
-17;78;1
12;178;0
10;130;1
34;214;1
41;24;1
-8;158;0
26;155;0
20;242;0
21;149;1
38;214;0
35;100;1
46;173;1
29;147;1
-3;204;0
19;242;1
8;209;0
10;250;0
12;13;0
-6;92;0
42;231;1
47;248;1
7;218;0
1;193;1
26;58;1
-16;22;1
-6;59;1
9;216;1
47;108;0
26;126;1
13;204;0
25;108;1
15;41;1
35;8;0
-14;225;0
41;11;1
40;51;0
34;150;0
23;95;0
-13;125;1
0;26;1
-15;171;1
28;58;1
-8;131;0
-1;47;1
-11;75;0
16;60;0
20;136;1
7;246;0
32;139;1
-17;70;0
-12;124;0
-9;194;1
-4;229;1
45;168;0
35;35;0
2;138;1
11;35;0
49;18;0
-20;212;0
-9;52;1
9;26;0
15;122;0
8;37;0
10;230;0
-15;53;1
-7;112;0
-10;26;0
3;53;1
25;3;1
-19;105;1
34;172;0
40;47;0
-1;23;0
15;85;0
38;196;0
-11;123;0
-13;126;1
-7;200;1
49;61;1
30;90;1
-14;124;1
-18;246;1
18;156;1
22;171;1
25;80;0
39;135;0
2;171;1
-6;149;0
24;6;1
1;234;1
-9;162;0
44;227;0
7;82;1
2;226;0
16;168;1
25;15;1
16;39;0
3;23;0
-15;129;0
-12;79;1
35;35;1
40;104;0
-12;83;0
-6;28;0
20;93;1
8;242;1
35;51;0
22;16;1
-17;63;0
-15;233;0
34;34;0
-8;71;1
44;7;1
7;222;0
44;218;1
32;9;1
32;153;1
-4;14;1
-10;28;1
21;189;0
33;111;0
27;46;0
2;178;0
7;122;0
29;14;0
26;174;0
25;104;0
7;169;0
8;133;0
28;44;1
35;40;1
9;166;0
-4;32;1
40;113;1
-4;232;0
31;248;0
18;201;1
29;183;0
-16;104;0
35;195;1
27;75;1
29;20;1
37;83;0
38;26;1
9;33;1
29;87;1
13;95;0
11;181;0
36;16;0
-10;160;1
12;163;1
-12;89;1
-5;221;1
-12;199;0
7;150;1
42;123;1
-4;109;0
-19;124;0
46;18;0
6;24;0
42;199;1
21;36;0
49;128;0
9;66;0
-2;17;1
50;88;0
30;1;1
-16;36;0
47;84;0
3;67;0
27;152;1
-15;150;0
29;163;1
14;169;0
36;225;1
22;1;1
40;179;1
40;165;0
23;47;1
39;154;0
-8;171;1
2;11;1
-10;163;0
40;54;0
9;133;0
14;44;1
1;248;0
43;175;1
-9;77;0
-20;93;1
12;86;1
26;219;0
-8;192;0
14;209;0
32;128;1
8;144;0
32;50;1
-2;95;1
2;216;1
-8;167;0
33;177;0
30;179;1
19;188;1
-7;211;1
-10;24;0
-17;91;0
6;138;1
-1;203;0
14;61;0
-10;122;1
-4;31;1
48;124;1
-17;234;0
23;29;0
17;75;0
-18;224;1
49;38;0
48;232;1
10;165;1
20;62;1
7;126;1
18;227;1
37;24;1
25;45;1
36;25;0
17;46;1
30;64;1
20;8;0
30;65;1
43;18;0
42;39;1
32;199;0
-12;250;1
-4;117;0
-19;97;1
7;193;0
41;64;0
11;250;0
28;233;0
7;152;0
9;67;1
-9;248;1
28;212;0
16;47;0
46;166;1
16;148;0
43;213;0
43;35;0
49;87;1
31;233;1
23;173;0
36;178;1
34;162;0
49;88;0
-12;42;0
14;71;0
9;16;1
26;55;1
26;46;0
13;144;0
19;127;0
37;30;0
39;105;0
-11;57;0
28;154;1
-17;249;1
0;242;1
42;156;0
13;123;1
-7;204;1
39;96;1
-17;174;1
-18;43;0
-17;181;0
3;89;1
36;174;0
18;98;1
22;150;0
12;237;0
-5;43;1
29;168;1
24;51;0
-13;109;1
-15;76;1
48;100;0
18;209;0
-6;61;1
25;88;0
-5;42;1
37;86;0
37;138;0
24;186;1
0;167;0
-20;61;1
20;223;0
1;108;1
20;26;0
9;148;0
18;58;0
5;78;0
36;77;0
35;228;1
7;48;1
-15;48;0
30;233;0
43;29;0
30;33;0
34;78;0
43;153;1
13;138;1
48;37;1
23;33;1
30;91;0
38;16;1
21;150;1
-12;189;0
37;134;0
-7;201;0
-20;107;1
36;151;1
-1;23;0
0;227;0
31;190;1
44;81;1
8;111;0
-4;120;0
3;108;1
32;221;1
-19;3;0
7;241;1
41;172;1
26;155;1
13;218;0
-5;188;1
8;12;1
3;216;1
-7;129;0
-12;122;1
30;128;0
40;250;1
39;29;1
36;129;1
-10;110;0
-18;6;1
45;171;1
46;66;0
-17;65;0
12;61;0
43;217;1
8;122;0
6;10;1
44;82;1
32;207;1
6;7;1
2;142;1
42;168;0
20;139;1
46;110;1
4;68;1
-2;88;1
43;34;0
36;75;1
5;29;1
9;22;0
12;234;0
44;28;1
1;142;1
-9;223;1
45;66;0
-14;174;1
36;157;1
24;137;0
26;154;1
10;44;0
24;67;0
0;0;0
26;102;0
-14;113;1
5;225;0
12;229;0
-15;11;1
24;217;1
9;78;1
38;135;0
23;164;0
23;79;1
-20;131;0
27;243;0
6;81;0
29;70;1
3;84;0
23;131;0
50;131;0
16;212;0
6;101;1
38;246;1
41;59;0
25;238;1
29;112;1
-2;58;0
31;91;1
34;54;1
46;222;0
21;27;1
10;193;0
16;57;1
38;170;1
-5;107;1
35;207;1
23;243;0
31;138;1
-8;162;1
3;161;0
20;77;1
36;129;0
16;190;0
27;93;0
32;56;1
18;225;0
-9;20;0
-18;96;0
38;49;1
28;115;0
-6;87;1
13;47;1
-1;26;0
-5;6;0
18;117;1
-5;235;1
12;200;0
39;167;0
33;142;1
41;8;0
-20;235;1
35;185;0
12;118;1
34;6;0
-17;124;0
-7;17;0
12;22;1
8;190;0
33;59;0
36;227;1
-1;212;0
35;97;1
46;229;0
40;0;1
41;69;1
11;59;0
-18;34;0
12;54;1
-12;161;0
10;66;0
22;212;0
27;53;0
16;106;1
25;20;1
34;79;1
-11;117;0
32;199;0
-6;235;1
16;196;1
40;135;0
47;71;0
-4;200;0
9;122;1
9;201;0
3;203;1
42;131;0
34;122;1
25;104;0
40;126;0
8;181;1
35;42;1
-18;73;0
31;84;0
-3;213;1
-20;107;0
8;113;0
33;96;0
-4;150;0
1;196;1
47;44;0
6;140;1
-2;176;1
31;174;0
-5;158;0
20;6;0
42;142;1
41;26;0
-9;233;0
18;189;1
-7;138;0
5;144;1
48;147;0
-15;40;0
-12;198;1
-2;113;1
40;199;0
-17;155;1
-2;221;0
-9;175;1
42;141;0
-1;66;0
25;158;1
34;107;0
19;122;0
-17;74;0
20;166;1
25;136;1
41;73;0
8;193;0
-17;13;1
-2;231;1
37;244;0
-8;47;0
15;78;0
-2;137;1
33;122;0
-18;213;0
-7;215;0
21;36;1
22;169;0
11;44;0
40;240;0
-2;21;0
13;195;0
20;206;1
-9;150;0
13;154;0
43;28;1
2;76;1
8;85;1
48;175;1
4;231;1
-1;172;1
24;70;0
10;60;0
26;36;1
-16;78;0
43;106;1
9;197;0
36;228;1
43;133;0
33;164;1
6;73;0
41;213;1
-18;14;1
44;233;0
49;249;1
36;203;0
2;179;0
28;39;0
12;205;1
24;222;1
12;48;1
22;15;0
-2;55;0
6;34;0
31;40;1
8;2;1
30;46;0
19;210;1
-14;68;0
8;187;0
48;199;1
42;250;1
20;104;1
-7;51;1
-5;95;1
38;230;1
25;51;0
33;196;0
10;27;1
13;232;0
-16;214;1
43;71;1
47;159;0
45;78;0
7;57;0
40;110;1
-9;128;1
23;147;0
-11;205;0
35;43;1
31;126;1
14;77;1
21;13;0
-1;47;0
-6;104;1
16;129;1
-8;246;1
26;194;0
33;47;1
5;217;1
-6;222;0
-5;110;0
31;191;0
2;166;0
0;52;0
4;225;1
-9;131;1
-11;146;0
14;102;1
5;110;0
0;243;1
37;178;0
40;234;1
12;197;1
-13;172;1
-14;158;1
-11;111;1
14;205;1
7;12;0
49;219;1
25;111;1
-1;80;0
-12;71;0
45;75;0
26;20;0
38;176;0
-14;179;1
10;194;0
-13;237;1
-5;114;1
42;237;1
14;210;1
4;126;0
36;155;0
47;188;1
17;221;0
-16;130;1
-19;144;0
-8;21;0
46;33;1
21;145;0
21;230;1
46;128;1
14;234;0
37;87;0
-15;14;1
-8;123;1
33;225;0
10;217;1
40;130;0
48;155;1
5;178;0
36;185;1
33;131;0
28;208;0
41;118;0
6;165;1
49;96;1
15;136;0
32;151;0
-19;117;1
49;133;0
50;42;1
20;21;1
44;115;1
28;91;1
43;203;1
6;48;1
-11;12;0
-10;108;0
-1;162;0
-18;186;1
12;182;0
41;191;1
0;233;1
16;122;0
4;239;1
-6;195;0
0;217;0
5;154;0
43;25;1
24;104;0
12;90;1
23;66;1
9;150;1
16;172;0
-5;53;0
44;119;0
30;52;1
7;19;0
19;212;1
-6;175;0
-20;137;1
48;208;1
22;12;0
13;168;1
48;234;1
33;196;0
14;134;1
28;45;0
8;168;1
20;222;0
48;152;0
-17;141;1
46;100;0
14;142;0
-14;82;0
14;41;1
16;113;0
-5;67;0
46;43;0
-18;24;0
12;53;1
-9;179;1
18;86;1
1;107;1
17;150;1
49;33;0
33;46;1
34;113;1
-5;77;0
-4;218;1
41;6;0
-16;205;0
-9;44;0
-11;17;1
23;87;1
31;77;0
36;19;0
-17;242;1
-11;185;1
2;215;0
-19;12;1
21;183;0
-10;116;0
38;34;0
8;243;1
32;108;0
32;224;0
-1;182;1
45;153;0
18;100;0
-12;90;0
41;7;1
7;82;0
21;49;0
13;31;1
-6;127;1
24;105;0
-3;62;1
0;156;0
1;0;1
-13;123;0
24;47;1
48;176;1
45;61;0
10;229;0
39;98;1
3;175;1
0;192;0
-10;186;0
-8;82;1
15;208;1
18;204;0
33;47;0
12;188;0
36;181;1
33;117;0
-16;217;1
28;142;0
-20;109;1
47;8;0
11;167;1
-13;101;1
38;1;1
23;32;0
-16;110;0
-6;63;0
39;207;0
7;152;0
-6;19;1
-3;111;1
46;5;0
6;217;1
15;33;0
21;77;1
2;126;0
-6;66;1
-9;225;0
38;239;0
37;193;0
35;13;1
18;44;0
-13;91;1
21;172;0
-19;53;0
-15;67;1
32;35;1
50;161;0
9;53;1
-15;150;0
9;105;0
48;221;1
18;103;0
41;22;0
6;0;0
24;151;0
16;142;0
21;74;0
-4;169;1
43;115;0
50;241;0
36;33;0
13;60;1
5;99;1
27;13;0
25;4;0
-6;188;1
17;131;1
34;30;1
-17;155;0
26;243;0
26;57;0
12;14;1
10;160;0
28;221;0
-16;52;1
22;237;1
15;90;0
27;149;0
22;81;1
15;237;1
-14;170;0
28;52;1
20;220;0
18;193;0
14;136;1
-17;152;1
-12;163;1
-19;221;1
50;125;1
18;178;1
16;5;1
30;139;0
50;30;0
35;9;0
46;114;1
12;59;1
22;75;0
-2;17;0
20;8;1
27;248;1
-19;228;0
21;239;1
2;101;0
43;79;0
28;183;1
23;149;1
25;74;1
3;63;1
12;99;1
38;137;1
15;96;1
34;123;0
13;69;1
45;2;0
46;109;1
-9;86;0
-16;87;0
48;147;0
43;150;1
0;42;0
16;216;0
43;21;1
-18;102;0
-11;191;0
-5;16;0
23;108;1
7;10;0
49;71;0
26;201;1
7;213;0
20;104;1
14;113;0
12;111;0
49;222;0
-2;115;0
44;135;0
14;227;0
44;66;1
4;112;0
-6;48;0
47;228;1
-13;26;1
26;151;1
45;96;0
18;218;1
45;232;1
-16;179;0
21;24;0
13;142;0
48;195;1
20;201;0
33;127;0
29;31;0
36;99;1
50;228;0
41;91;0
-4;134;1
15;233;0
-19;162;0
-5;113;1
-15;217;1
31;84;0
37;128;1
39;241;1
42;25;0
-5;55;0
24;146;1
40;87;0
-3;7;0
49;64;1
0;151;0
17;70;0
-5;223;1
-6;68;1
-6;31;0
18;88;0
36;77;0
39;140;1
1;233;1
49;160;1
-1;216;1
6;228;0
39;189;1
44;233;1
37;143;0
31;194;1
-1;230;1
42;16;0
-9;145;0
21;9;0
15;27;1
38;105;1
-15;42;0
-18;85;1
44;207;1
-1;35;0
12;234;1
10;161;1
39;65;1
37;184;0
36;176;0
-6;185;0
-10;25;1
11;151;0
32;31;0
39;200;1
34;30;0
6;123;0
34;135;0
-2;17;1
-18;1;0
2;118;0
37;243;0
43;188;0
28;194;1
41;172;1
14;32;0
-6;142;1
27;66;0
25;237;1
24;207;1
-20;110;1
-18;104;0
26;0;1
27;129;1
-1;182;0
50;195;0
34;127;0
5;110;1
-6;250;0
1;56;0
-6;8;0
4;62;1
-14;9;0
-17;125;1
11;46;1
42;170;1
-5;91;0
9;44;0
38;79;0
50;23;0
42;209;1
28;6;1
21;156;1
-20;28;1
-6;165;0
2;2;1
4;12;1
42;156;0
7;225;1
32;172;0
-16;67;0
-3;61;0
19;64;1
15;184;1
11;57;1
47;1;1
0;175;0
2;200;0
-1;177;1
-4;122;1
28;69;0
39;81;1
12;160;0
15;181;0
16;73;1
6;238;0
-9;209;1
31;170;0
-9;112;1
11;226;1
32;192;1
30;81;1
-17;25;1
-4;212;1
32;39;1
12;32;1
-3;153;0
44;16;1
-9;198;0
48;61;0
-6;216;0
36;84;1
16;39;0
40;171;0
44;21;1
25;204;1
-18;80;1
-1;96;1
30;211;1
15;58;0
2;16;0
25;108;1
39;203;1
-7;177;0
-16;136;0
43;20;0
49;246;1
-15;226;0
-18;23;0
13;7;0
7;145;0
26;177;1
29;156;0
18;186;1
-7;27;0
12;210;1
32;198;0
-18;78;0
25;191;1
-12;21;0
50;216;0
-7;156;0
5;230;0
1;11;1
-7;123;0
-14;182;0
29;245;0
23;43;1
46;97;0
34;68;0
16;6;1
30;179;1
16;183;1
-18;36;0
4;224;0
-5;125;0
45;134;1
-7;38;0
-17;213;0
0;63;1
28;128;1
-11;70;0
-8;111;1
-13;18;1
47;112;1
-16;109;1
44;165;1
16;58;0
28;236;1
4;213;1
35;168;0
-15;169;1
-14;230;1
31;185;1
2;159;1
15;224;0
17;249;1
-10;161;1
-4;122;0
45;132;0
41;35;0
-11;19;1
8;33;1
-2;15;1
35;31;0
9;46;0
10;168;1
36;95;0
16;179;0
18;67;1
-20;145;1
5;36;1
18;25;1
-1;109;1
4;33;0
26;14;1
17;137;1
-8;107;1
34;152;1
21;102;1
15;152;0
-1;159;1
18;193;1
47;99;1
14;46;1
36;215;0
-17;19;0
4;194;1
29;48;1
-9;1;1
15;102;1
21;105;0
36;187;0
33;210;1
48;151;0
-3;85;0
32;68;0
44;160;0
40;152;1
50;236;0
9;194;1
14;159;1
7;230;1
-2;231;0
42;99;1
-11;200;0
33;207;0
35;195;1
-19;167;1
12;111;0
2;67;0
15;8;0
48;127;0
-6;19;0
-15;101;1
35;190;1
50;187;1
41;14;1
40;218;0
3;42;1
9;69;0
-4;129;0
4;95;1
10;62;0
0;86;0
37;142;0
12;69;1
-20;184;1
35;206;0
22;247;1
22;226;1
-14;94;1
13;225;1
13;173;1
14;41;1
-4;17;1
35;126;1
21;13;0
-14;98;1
29;192;1
-6;235;0
-12;125;1
40;89;1
8;117;0
39;179;0
38;70;0
-5;211;0
33;231;1
-7;5;0
-11;173;1
-4;97;1
42;194;1
24;112;1
31;151;0
43;57;0
-18;102;0
32;132;0
48;205;0
31;154;0
35;146;0
15;70;1
46;54;0
-12;12;0
-19;69;0
-15;70;0
48;131;1
22;78;1
-19;21;1
46;36;1
8;1;1
41;145;0
49;56;0
16;85;0
35;125;0
21;184;1
33;103;0
25;145;1
28;9;0
-7;86;1
29;80;0
-10;34;0
-14;136;1
-15;143;1
-14;37;1
-10;130;1
8;92;0
-18;113;1
22;124;1
40;240;0
30;86;1
-13;135;1
29;193;1
4;238;1
18;49;1
37;89;0
4;56;1
30;217;0
-2;209;1
11;241;1
37;139;0
-17;249;1
19;67;1
22;216;1
4;137;1
40;12;1
8;97;1
21;183;1
-4;213;0
46;39;1
-5;186;0
4;121;1
-17;25;1
18;65;1
12;188;0
-13;154;0
43;236;1
30;236;0
-7;6;1
27;179;0
41;56;0
-14;116;0
-14;34;1
0;175;0
-20;249;0
2;242;0
22;200;1
43;75;1
49;1;0
37;139;1
3;174;1
19;107;1
43;40;1
34;38;1
-12;35;0
2;1;0
48;32;1
41;187;1
19;83;1
0;42;0
9;91;0
26;31;0
-17;37;0
24;57;1
40;68;1
30;134;0
35;156;0
-9;102;1
36;195;0
-14;80;1
21;192;0
43;122;1
3;154;1
-7;95;0
11;239;1
38;170;1
17;232;1
42;18;0
45;110;1
-14;55;1
31;88;1
24;217;1
35;159;0
-12;174;1
17;104;0
-1;76;0
-20;22;0
0;109;1
39;124;0
31;236;0
-10;44;0
41;167;1
40;161;0
10;168;0
-9;41;0
-6;139;0
-12;32;1
38;33;0
38;68;1
35;163;1
-18;95;1
41;50;1
13;7;0
37;189;0
10;198;0
8;8;0
1;50;1
25;202;0
19;181;1
23;219;1
-4;54;0
42;207;1
26;65;1
-8;173;1
40;36;1
25;37;0
47;99;1
13;141;1
-16;56;1
-16;32;0
37;14;1
-11;173;1
-9;218;0
37;39;1
47;199;0
16;231;0
38;108;0
1;143;0
-14;131;0
2;213;1
-9;33;1
-2;109;1
-13;76;0
47;1;0
-17;55;1
-1;250;0
7;61;1
16;127;0
10;144;1
-14;41;0
-8;204;0
-10;216;0
28;189;1
43;88;0
-15;164;0
-17;228;0
3;117;0
22;147;0
5;167;1
35;2;0
36;81;1
0;9;1
13;60;0
44;77;0
47;51;0
12;198;1
45;88;1
-5;167;0
4;144;1
47;211;1
16;54;1
8;202;1
-9;57;1
13;16;1
1;24;1
31;60;1
38;5;0
12;230;1
-3;160;0
-19;96;0
0;221;0
46;45;0
37;145;0
9;249;0
14;72;0
23;218;0
2;146;0
-16;186;1
23;37;0
16;164;0
35;44;0
2;60;1
49;45;1
50;71;1
10;232;1
22;185;0
22;200;1
50;197;1
39;105;0
25;175;0
33;219;0
16;158;0
27;131;0
30;133;1
20;248;0
48;110;0
-10;0;1
32;111;0
44;38;0
29;97;0
14;117;1
-12;104;0
7;117;0
-5;181;1
25;215;0
-14;0;1
33;130;0
-4;18;0
-20;126;0
21;154;0
1;172;1
15;34;0
-12;234;1
28;169;0
43;154;1
40;239;0
-11;209;1
-12;139;0
-20;215;1
27;141;0
33;84;0
7;31;1
34;41;1
15;209;0
-12;233;1
40;132;1
48;182;1
33;171;0
-9;97;0
40;83;0
-7;135;1
48;231;1
24;145;1
14;150;0
41;220;1
46;240;1
25;209;0
13;152;0
-5;15;0
39;244;1
11;121;0
17;222;1
17;237;0
8;7;0
-12;46;1
20;222;1
-14;66;1
44;13;1
23;50;1
4;70;0
12;211;1
26;13;1
-19;197;1
14;171;0
20;22;0
14;197;0
11;234;1
25;151;0
-13;247;0
-11;21;1
48;139;1
47;222;1
34;180;1
50;114;1
-15;47;0
46;217;1
32;221;0
38;172;0
23;123;0
-1;177;0
23;236;0
10;112;0
-15;123;0
0;125;1
-14;123;0
19;191;0
41;34;1
17;157;0
17;94;0
8;162;0
41;108;1
40;92;1
18;170;1
23;123;0
42;120;1
-14;162;0
9;178;1
-12;201;1
35;164;1
39;161;1
47;203;0
24;245;1
31;199;0
9;64;0
-1;55;0
50;211;1
29;244;1
8;101;1
18;155;0
47;101;0
18;15;0
1;242;0
-11;197;1
44;207;1
29;135;1
-9;175;1
8;36;1
25;250;0
19;8;0
10;8;1
4;148;1
28;129;0
50;231;1
7;232;0
26;245;1
14;186;0
17;198;0
1;150;1
29;100;0
43;173;0
9;137;0
32;208;1
-10;10;0
-12;191;1
28;223;1
2;119;1
-11;183;1
20;188;1
-5;74;1
-5;208;1
34;146;1
-6;6;0
30;129;1
-18;211;0
31;178;0
7;89;1
23;33;1
-9;129;0
50;166;0
41;240;0
42;117;0
-20;230;1
26;189;1
44;182;0
12;160;0
0;125;0
42;61;0
-12;197;0
17;225;1
16;66;1
-6;74;0
50;13;0
13;139;1
-2;22;0
28;143;0
20;153;1
25;201;1
12;193;0
-13;244;1
48;6;0
1;109;0
-5;247;0
12;21;0
24;39;0
7;199;0
-12;116;1
49;143;1
38;23;0
-13;103;0
14;103;0
-7;45;0
20;160;0
40;118;0
20;147;1
41;224;1
49;67;0
9;6;0
27;94;1
10;89;0
29;81;1
47;74;0
16;117;1
-19;179;1
43;9;1
46;70;0
-14;110;0
41;245;0
25;18;0
15;9;0
41;250;0
10;6;0
10;207;0
42;110;0
18;76;1
-8;117;1
28;23;1
-11;15;1
31;17;1
7;170;0
1;93;1
-2;216;0
39;242;0
-14;104;1
16;212;0
38;69;1
40;140;1
-12;169;0
2;91;0
2;186;1
-11;170;0
-13;41;1
32;70;0
17;151;0
9;234;0
-5;207;0
-17;224;1
41;18;0
7;212;0
-20;25;1
-5;5;1
38;180;1
30;83;1
44;102;1
14;35;1
44;44;1
14;172;0
16;142;1
-11;239;0
18;164;1
47;77;0
36;31;0
30;51;0
42;247;0
32;230;0
10;123;1
28;197;0
48;44;0
-20;200;1
-11;125;0
4;126;1
15;55;0
29;215;0
46;199;1
26;131;0
-1;98;1
44;38;1
15;181;0
47;83;0
47;27;0
2;45;1
13;5;0
14;26;0
0;149;1
-2;218;0
-2;204;0
46;89;1
40;104;1
34;62;1
30;156;1
14;232;0
-9;61;1
-9;93;0
31;155;0
-16;133;0
11;208;1
1;212;1
8;221;0
10;197;1
23;142;1
-12;196;1
36;19;0
-9;69;0
-6;209;0
-16;77;1
45;82;1
-15;105;1
18;86;1
-7;87;1
50;204;0
33;172;0
24;157;1
17;106;0
18;187;0
25;212;1
50;151;1
38;42;1
10;56;1
30;185;0
0;156;0
-2;23;1
17;195;1
-15;172;0
10;88;1
41;15;0
-10;91;0
13;233;1
12;57;0
26;212;0
-8;47;0
9;184;1
6;101;0
-19;197;1
36;142;1
21;98;0
19;250;0
-3;71;1
42;105;1
-12;103;1
32;102;0
34;133;0
-18;208;0
0;33;1
-3;209;1
25;54;0
31;220;0
-16;6;0
6;232;0
42;153;1
1;89;0
-19;125;1
41;160;1
11;58;1
40;46;0
46;141;0
41;66;0
21;114;0
1;139;0
47;27;1
25;117;0
17;168;1
6;140;1
-2;144;1
30;187;0
22;238;0
-20;169;0
-1;68;1
24;239;0
-20;91;1
-11;71;0
48;246;0
30;18;0
-4;6;0
16;224;1
-1;77;1
-2;207;0
-2;204;0
17;219;0
8;161;0
-7;79;0
1;113;0
7;120;1
19;82;0
46;5;1
22;101;1
3;179;0
7;229;0
-5;242;0
-3;70;1
-3;181;1
-6;232;1
-17;237;0
-3;100;0
13;148;1
43;91;1
26;82;1
31;23;0
43;88;0
-2;62;1
-13;110;0
36;128;1
-10;28;0
41;71;0
12;189;0
39;3;1
4;80;0
15;39;0
-12;230;0
47;129;0
12;176;0
13;141;1
17;96;1
24;187;1
50;107;0
4;28;1
0;144;0
37;191;1
-6;161;1
31;146;0
-4;166;0
45;222;1
6;162;1
-4;71;0
-19;250;0
27;219;1
47;121;0
30;89;0
8;93;1
-11;88;1
45;95;1
33;242;0
19;234;1
-19;135;1
0;32;0
6;206;1
48;107;0
28;205;0
30;214;1
39;114;1
-19;39;1
1;11;1
30;118;1
1;27;1
9;193;1
8;139;0
31;39;0
42;115;0
13;54;0
31;129;0
40;11;1
48;101;0
21;92;0
21;35;1
-3;174;1
47;101;1
6;65;0
24;186;0
6;27;0
-12;229;1
31;130;0
46;141;1
11;216;0
22;231;1
-15;172;0
22;53;0
9;219;1
20;225;1
5;201;0
-9;125;0
38;73;1
18;90;0
-19;37;1
-20;174;1
27;145;0
17;171;1
-7;156;0
41;39;0
9;214;0
14;142;0
-20;9;0
17;233;0
5;165;0
39;194;1
8;109;0
-4;70;0
37;149;0
-10;242;0
-1;233;1
30;87;0
2;194;1
36;31;1
15;50;1
13;167;1
31;18;0
47;26;0
-17;150;0
30;67;1
14;141;0
-19;120;1
48;57;1
46;76;1
4;246;1
34;46;1
-20;126;0
7;124;1
-20;214;1
-10;50;0
5;220;1
28;137;1
9;160;0
32;89;0
27;109;0
37;79;0
3;244;0
21;197;0
47;29;0
8;97;1
39;160;0
33;230;1
20;74;0
16;245;0
-2;140;1
26;130;0
18;141;1
34;46;0
-2;9;0
-5;2;0
-14;169;0
-15;23;1
-19;156;1
11;1;0
42;196;1
12;248;0
12;12;1
0;194;0
-1;94;0
18;69;0
29;13;0
36;86;0
-8;129;0
47;125;1
35;92;0
22;209;1
29;100;1
50;81;0
9;129;0
-2;44;0
-16;2;0
1;239;1
34;99;1
18;199;0
22;47;0
-2;111;1
4;7;0
39;70;1
48;243;0
-20;242;1
48;47;0
-17;129;1
-15;151;1
7;222;0
14;50;0
2;91;1
-14;88;0
21;202;1
46;232;0
31;120;1
47;0;1
27;205;1
29;37;1
34;82;0
-19;101;1
-2;38;0
5;26;0
25;34;0
38;189;0
9;243;0
-10;220;0
11;204;1
21;21;1
27;218;0
5;154;1
-1;159;1
45;124;1
-16;227;1
4;75;1
27;241;0
-17;45;0
31;214;1
19;201;1
35;184;1
-13;248;0
14;192;0
24;208;0
32;173;1
35;202;1
38;154;0
-7;27;1
14;9;0
28;203;1
5;22;1
-18;201;1
5;121;1
19;140;0
29;26;1
32;102;0
0;200;1
20;92;1
-13;10;1
3;38;1
-7;61;1
19;228;0
-8;214;0
7;71;0
6;8;1
30;87;1
41;234;0
37;142;0
41;194;0
50;134;0
17;226;0
42;224;0
46;244;1
19;26;1
-11;45;1
0;38;0
12;102;1
-3;139;0
-9;208;1
46;230;1
-18;247;0
-2;59;1
-4;170;1
-9;147;1
33;119;1
-7;187;1
21;188;1
27;63;0
7;30;1
27;182;1
2;245;0
-8;36;0
50;206;0
7;178;0
28;145;0
-18;13;0
-12;237;1
-16;151;0
1;41;1
29;22;1
18;106;0
16;231;1
25;131;0
7;236;0
4;32;1
41;58;1
11;249;1
0;27;1
14;91;1
-9;145;1
18;15;0
45;246;0
27;49;1
22;155;0
-18;130;1
20;128;0
-13;159;1
-14;123;1
19;65;0
18;185;1
-15;9;1
43;129;1
40;204;0
16;78;1
0;106;1
12;45;1
2;249;0
7;147;1
15;5;0
22;227;1
46;27;0
-20;202;1
48;170;0
30;74;0
-18;7;0
-18;82;0
29;2;1
23;152;0
-17;135;1
21;28;1
32;122;0
0;75;0
43;147;0
40;23;0
-5;51;0
-7;104;1
-7;233;0
50;160;0
19;43;1
-1;61;0
24;148;0
17;215;1
12;119;0
-2;102;0
5;151;0
-12;116;0
34;32;1
11;155;0
-14;144;1
-10;10;1
-12;123;0
18;54;1
50;133;0
5;125;0
41;197;1
-18;24;0
-20;88;1
2;228;0
-13;209;1
-19;66;1
6;75;1
42;61;1
26;68;1
19;147;0
36;62;0
26;189;1
33;187;0
-2;201;1
-11;242;1
-12;228;0
25;24;1
27;71;0
34;49;1
9;21;0
-6;206;1
14;172;1
13;122;0
-18;27;0
4;227;1
48;94;0
34;110;1
30;211;1
43;110;1
48;42;1
39;240;1
-16;237;0
41;25;1
34;113;0
-17;7;1
-18;180;1
32;90;0
20;24;0
9;86;1
25;182;0
37;174;0
27;243;1
26;218;0
24;101;0
6;31;0
-1;246;1
6;105;0
-17;57;0
6;124;1
10;238;1
-19;4;1
13;188;1
38;130;1
6;139;0
26;236;0
19;199;0
35;150;1
-14;169;0
5;0;1
-18;152;0
18;149;0
40;238;0
-1;128;1
-20;158;0
17;199;1
12;188;0
-10;167;0
34;40;0
-19;89;0
23;163;0
33;22;1
22;56;0
31;43;0
36;115;1
29;142;0
48;5;1
15;72;1
45;212;0
-13;169;1
16;50;1
-7;70;1
3;77;0
20;52;1
49;29;1
-11;179;0
7;79;0
31;84;1
-10;114;0
10;153;1
-9;36;1
-13;229;1
39;183;1
36;144;0
-7;96;1
3;41;1
24;186;1
-15;2;0
37;90;1
45;33;0
14;115;0
31;137;0
-4;61;1
32;72;1
-3;101;0
-6;44;1
49;11;1
-8;227;0
-16;75;0
-12;210;0
3;139;1
15;17;0
-12;56;0
49;67;0
11;11;0
48;71;0
1;112;1
22;142;1
30;21;0
-4;131;1
48;169;0
-16;150;0
20;78;1
34;144;0
-15;192;1
29;175;0
40;91;0
8;169;0
-20;235;1
-20;92;1
-13;199;0
-12;88;0
-14;35;0
36;166;0
-20;215;0
20;50;0
12;95;0
-10;4;1
28;184;1
29;27;0
-15;59;1
-10;111;1
-4;69;1
35;150;0
25;27;0
-10;237;1
5;72;1
-20;171;0
24;121;1
-1;151;0
39;132;0
48;177;0
8;42;1
35;102;1
10;139;1
43;207;0
40;152;1
3;105;0
50;185;1
14;130;0
13;238;1
36;89;0
-5;187;1
27;244;0
4;43;1
-18;88;0
40;32;1
11;170;1
10;110;1
8;179;1
36;93;0
8;2;0
-9;25;0
37;4;1
0;66;1
-11;39;1
-2;64;1
10;228;1
21;84;1
12;5;1
9;207;0
33;163;1
32;2;0
-19;226;0
41;68;1
24;30;0
4;244;1
31;248;0
-2;198;0
47;197;0
9;246;1
23;172;0
-18;87;1
10;220;1
5;95;0
-8;123;0
25;202;0
-14;45;0
6;192;0
-9;139;0
41;169;0
19;194;0
28;28;1
19;70;0
10;22;1
35;8;0
16;29;1
49;88;1
19;174;1
42;103;0
8;134;0
20;93;1
-15;231;1
-4;226;0
21;185;0
37;220;0
4;0;1
3;26;0
22;129;1
33;186;0
30;119;1
9;137;0
-17;238;0
8;75;0
31;220;0
25;210;0
-1;95;1
-15;155;1
6;208;1
-4;214;0
46;192;0
-9;229;0
35;50;1
-9;105;1
-13;63;1
49;139;0
41;52;1
31;198;0
35;213;0
-14;217;0
-14;1;1
17;232;0
12;83;0
45;94;1
-2;65;0
49;191;1
-18;89;1
-16;10;1
-18;118;0
2;161;1
14;11;0
30;166;0
-15;154;0
36;159;1
27;15;0
-18;208;0
-1;71;1
22;49;1
26;127;1
-4;175;1
2;170;0
16;228;1
43;138;0
6;18;1
-19;189;0
28;45;1
29;117;1
13;221;0
-2;118;0
-4;236;0
19;58;0
13;110;0
37;233;1
40;146;0
6;149;1
-6;87;1
-15;75;0
-2;68;1
-9;144;0
-3;221;0
31;227;1
23;2;1
-9;8;0
50;140;1
17;29;1
28;227;1
-17;197;1
4;180;0
5;242;1
-10;181;1
7;227;0
-12;207;0
37;115;0
46;62;0
28;104;1
-10;236;1
46;220;0
42;183;1
49;119;0
29;100;1
-10;123;0
14;176;0
-1;203;0
21;37;0
32;231;1
13;152;1
43;93;0
13;47;0
46;117;1
11;9;0
-16;3;0
35;17;1
-5;209;0
37;152;0
34;51;0
19;181;1
40;127;0
19;85;0
4;197;1
-12;108;1
12;134;1
14;93;1
15;112;1
30;3;1
49;39;1
43;242;0
-15;146;0
9;129;0
7;97;0
20;90;0
-13;221;0
-6;109;0
20;193;1
-4;185;1
-9;129;1
-12;152;1
45;106;0
50;248;0
13;73;0
35;184;1
17;204;0
41;120;1
36;143;1
43;217;0
11;243;0
40;237;0
-13;42;0
24;12;0
21;188;1
26;14;0
-10;235;0
17;191;1
28;93;1
22;180;0
-6;82;0
28;198;1
40;115;0
13;100;0
-15;80;0
36;73;1
-13;239;1
-11;40;0
-1;50;1
30;5;1
30;60;0
-4;69;0
-20;127;1
33;194;1
17;42;1
48;133;1
36;138;1
-19;210;1
17;42;1
9;66;0
8;174;0
38;164;1
30;227;1
16;95;1
0;219;0
45;71;0
8;73;0
-3;85;0
15;218;1
43;182;0
42;202;0
-5;236;1
44;184;0
-13;35;1
20;245;0
1;28;1
6;62;1
-7;133;1
-19;18;1
-20;54;1
13;243;1
26;68;1
-4;95;0
21;93;0
16;199;1
-14;174;0
46;172;1
-15;112;0
31;45;1
33;212;0
41;129;0
14;170;0
35;75;1
26;222;0
10;55;0
-8;179;0
36;127;1
5;65;1
38;215;1
-4;220;1
6;227;1
6;37;0
21;53;1
29;92;0
9;124;0
1;136;0
1;157;1
33;65;1
35;101;1
46;186;0
46;47;1
-18;57;0
-16;73;1
-15;59;1
-14;58;0
31;72;1
28;244;0
24;71;0
-5;211;1
9;99;1
32;20;0
5;61;1
0;184;0
44;12;1
34;119;1
44;202;1
47;87;0
2;62;0
41;125;1
-4;94;1
46;22;1
39;207;0
42;136;0
-18;8;0
24;49;1
3;65;0
44;96;0
13;141;0
1;188;1
34;233;0
-13;141;0
19;167;0
-20;205;1
-9;210;0
6;192;0
6;160;0
42;220;0
49;166;1
-3;179;0
5;19;0
12;168;0
-16;193;1
23;163;0
-18;53;1
35;236;1
42;211;0
27;212;0
45;125;0
-18;106;0
5;171;1
20;122;0
-15;0;0
-17;16;1
3;78;0
-2;16;0
42;112;1
32;92;1
-11;70;0
-11;165;0
5;11;1
-15;217;0
-18;41;0
50;73;1
20;21;1
32;230;1
9;213;0
42;100;0
-9;13;1
-17;16;1
29;236;0
-20;170;1
32;152;1
47;226;0
38;182;1
38;147;1
7;207;1
47;169;0
8;130;1
37;64;1
-15;136;1
29;210;0
-11;224;1
22;183;1
-13;34;0
40;101;0
-2;102;1
18;201;0
33;138;1
17;131;1
41;180;0
-3;19;0
37;116;0
-15;11;0
50;221;1
10;27;1
30;117;0
13;213;0
-1;234;0
-14;69;1
24;66;1
-13;50;1
32;158;0
30;6;1
40;13;1
35;43;0
0;150;0
2;56;0
10;112;1
20;225;0
23;43;0
31;53;1
25;47;0
21;166;1
48;224;1
-3;74;0
37;180;0
13;26;0
13;108;0
-2;33;0
26;67;0
48;211;1
33;149;1
49;0;0
-1;16;1
-7;105;1
35;212;0
9;96;0
-3;200;0
-4;5;1
-15;145;1
-15;175;1
-7;204;0
-13;153;1
28;214;1
23;41;1
-19;97;0
21;25;0
41;229;0
44;120;0
2;92;0
0;85;0
-13;107;0
12;145;1
40;23;1
12;62;0
16;115;0
-14;143;0
42;57;1
15;103;0
33;114;1
50;125;0
22;11;1
-12;125;0
43;112;0
16;186;1
-14;198;0
3;188;1
21;137;1
-9;242;0
-1;247;0
39;50;0
-7;238;0
35;198;1
-7;56;1
-20;204;0
46;185;0
4;71;1
6;167;0
9;130;1
0;68;1
45;47;1
16;200;0
-11;30;1
-4;118;0
23;96;0
43;5;1
30;107;0
35;74;0
21;41;1
39;66;1
-14;113;0
30;61;1
45;134;0
40;117;1
35;27;0
6;122;0
-18;12;0
13;180;0
7;69;0
2;220;0
11;32;1
-18;137;0
-16;114;1
17;118;1
-9;66;1
-2;210;0
-11;191;0
-5;50;0
36;66;1
-11;19;0
-3;2;0
-10;243;0
11;191;1
5;163;1
28;219;0
39;48;1
37;45;0
-12;188;0
33;14;0
3;124;0
19;227;0
1;227;0
44;242;0
19;143;0
50;128;1
-3;43;1
-9;125;0
6;239;1
14;143;1
32;223;1
41;111;1
11;114;0
44;247;0
-7;148;1
3;233;1
2;53;1
24;160;1
-16;29;0
42;232;1
33;223;1
35;217;1
-16;190;0
-3;196;0
11;162;0
-20;201;1
21;162;0
20;45;1
43;154;0
3;111;0
-4;70;1
34;207;1
3;76;1
5;33;1
5;123;0
43;176;1
19;211;0
38;35;1
46;22;0
-20;242;0
21;143;1
6;154;0
40;144;0
-10;62;0
18;17;0
42;73;0
19;47;0
13;203;0
6;196;0
34;123;1
2;191;0
40;193;1
27;131;1
-20;91;1
-3;188;1
-2;116;1
-5;54;1
1;50;1
18;187;1
32;41;0
36;170;1
9;74;1
14;119;0
31;178;1
-5;15;1
27;26;1
50;188;1
39;122;1
-7;94;1
41;235;0
29;75;0
1;229;0
15;173;1
7;29;1
7;37;1
-7;109;0
25;7;0
-18;205;1
23;17;0
14;91;1
-19;194;1
7;140;1
24;80;0
35;210;1
-7;204;0
4;189;1
21;157;1
8;181;1
2;204;0
-16;29;0
-19;123;1
46;13;0
15;63;0
3;207;1
12;144;0
24;226;0
38;129;1
-11;218;0
45;181;1
28;43;1
5;84;1
31;149;0
2;206;1
-2;152;1
34;7;1
-7;11;1
16;122;0
29;131;0
-6;175;1
9;157;0
-12;250;1
-16;130;0
22;72;1
-11;124;1
-2;84;1
-14;207;1
-15;191;0
34;124;1
10;5;1
39;107;0
29;104;1
20;158;0
5;46;1
5;192;1
23;172;1
8;209;0
43;241;0
-6;83;1
33;126;1
36;105;0
36;87;0
25;220;1
-1;191;1
23;222;0
23;239;0
29;114;0
20;193;0
-5;4;0
41;162;0
16;238;1
27;170;1
-19;199;0
43;137;0
-19;215;1
17;54;1
25;66;0
15;64;1
47;211;1
1;108;0
12;47;0
14;181;1
-13;180;0
31;130;0
1;62;0
11;129;1
46;166;1
35;170;0
13;213;1
9;68;1
-9;219;0
3;174;0
32;45;0
-14;70;1
45;176;0
43;235;0
-16;175;1
-9;173;0
-5;146;0
19;64;0
29;185;0
43;221;1
40;187;1
26;86;0
15;78;1
39;179;1
14;28;0
-16;100;0
48;134;1
18;198;1
41;111;1
-18;123;0
-11;30;1
9;107;0
44;135;1
28;197;1
11;59;1
-16;75;0
-9;243;1
11;223;1
23;150;0
40;54;1
41;169;1
-18;48;0
35;153;0
46;214;1
-9;38;1
7;211;1
20;134;0
22;58;1
1;144;1
13;240;1
-7;249;0
8;95;1
4;38;1
-11;227;0
42;232;0
26;236;0
42;102;0
32;7;1
43;125;1
-15;99;1
31;213;1
11;0;0
14;43;0
-2;160;0
26;231;0
-6;230;1
6;100;1
-18;126;1
27;52;1
40;138;1
-5;58;0
49;180;1
5;148;1
-5;180;0
3;82;1
16;12;0
3;226;0
49;238;0
40;28;0
-17;148;0
-13;171;0
31;84;1
-15;242;1
27;106;1
-6;33;1
-7;66;0
48;74;1
29;183;1
33;69;1
46;57;1
4;58;0
0;61;0
23;244;0
15;137;0
48;47;1
33;57;1
-17;79;0
6;139;1
3;234;0
13;225;1
-5;179;1
-17;113;0
3;86;0
24;88;0
31;178;0
29;81;1
38;58;1
-10;198;1
6;239;1
15;137;0
41;119;0
12;175;0
12;89;1
-9;218;1
26;188;1
-10;142;0
-12;85;0
44;175;0
38;184;0
-4;189;0
-7;230;0
23;39;0
7;32;1
8;197;1
4;29;0
-6;195;1
25;196;1
26;176;0
49;79;1
9;189;0
-6;231;0
39;113;1
26;157;0
33;91;1
-5;166;0
48;25;1
11;193;1
16;55;0
-6;186;0
-19;90;0
-20;36;0
2;38;0
13;199;0
43;50;1
37;224;0
-4;20;0
11;227;1
-20;72;0
4;98;0
48;160;0
29;29;0
-15;247;0
39;6;1
18;181;0
28;158;1
-9;80;0
14;142;1
35;54;0
20;109;1
-4;165;1
47;238;1
-10;44;0
-17;139;1
1;223;1
-4;215;0
-7;132;1
40;111;1
47;199;0
-10;220;0
-3;192;0
39;72;0
26;101;1
-5;43;1
4;180;1
-13;111;1
27;101;0
22;236;1
23;15;0
-1;73;0
-4;83;1
22;136;0
41;84;1
-8;62;1
49;116;0
-15;14;1
-11;231;1
20;129;0
-17;175;1
40;183;1
18;80;1
12;77;0
-6;62;1
-11;247;1
36;84;0
36;203;0
45;202;0
-15;181;1
36;69;0
15;105;0
44;85;0
17;154;1
17;126;0
17;91;0
-7;33;1
-6;62;1
33;32;0
6;166;1
-18;179;0
-5;11;1
11;243;0
34;139;1
45;166;0
6;174;0
15;66;1
45;203;1
45;201;1
39;148;0
-10;51;1
26;1;0
-5;52;1
37;131;1
2;135;0
-10;52;0
-4;245;0
18;31;0
45;111;1
26;105;1
42;79;1
-7;160;1
48;226;0
-19;47;1
13;236;1
7;222;0
24;234;0
21;30;0
-11;163;1
4;162;0
38;156;0
3;175;0
-5;153;1
16;250;0
8;53;1
-7;209;1
21;142;0
-17;236;0
36;15;0
14;156;1
21;82;1
37;49;0
-2;123;1
28;59;1
34;131;1
50;227;1
29;2;1
-7;18;1
30;119;0
33;179;0
-20;66;0
48;53;1
-10;96;1
-13;244;1
-10;140;1
16;216;1
30;49;0
-12;215;1
2;149;1
29;7;1
7;85;1
40;82;1
7;155;0
32;46;0
9;161;1
-11;225;1
-19;106;0
29;233;0
-13;232;1
48;78;1
-15;176;1
50;65;1
23;233;1
-7;236;1
24;0;1
15;16;1
2;128;0
1;25;0
13;23;0
4;203;1
12;73;1
45;143;1
-8;22;0
22;203;1
13;151;0
47;27;1
24;46;0
-15;151;0
41;93;1
32;9;1
-3;5;0
18;112;1
6;105;1
-9;237;0
8;108;1
28;31;1
42;181;0
4;65;0
3;179;1
-8;70;0
-8;34;1
-11;224;0
23;114;1
27;16;1
17;82;1
-13;14;1
30;58;0
36;129;0
35;159;1
11;164;0
7;127;1
11;50;0
-15;51;1
-19;45;0
-19;22;1
18;29;1
27;117;0
20;205;1
43;208;1
-9;12;0
3;181;0
21;162;0
38;155;0
30;72;1
31;117;1
14;141;0
-12;182;1
48;122;0
40;184;0
18;35;1
34;218;0
10;155;1
32;107;1
36;54;0
49;73;1
-12;201;1
7;72;1
-10;18;1
42;196;0
9;54;1
40;11;1
12;12;1
15;200;1
6;97;0
17;133;1
-17;75;0
16;99;1
35;246;0
-14;148;1
4;59;1
-2;158;0
12;152;0
2;53;0
19;245;1
3;206;1
24;26;1
3;92;0
-11;84;0
34;115;1
48;79;0
44;56;0
7;142;0
29;228;1
21;52;1
-13;38;1
-15;237;1
-18;17;0
7;25;0
22;194;0
15;66;1
4;132;1
28;246;0
9;24;0
39;153;1
26;105;0
11;54;0
-13;225;0
44;147;0
50;0;1
-8;242;0
44;208;0
-7;42;1
-15;204;1
12;39;1
-2;170;1
30;44;1
43;56;1
26;0;1
40;194;1
20;0;1
41;72;0
43;30;1
18;197;0
-8;115;1
-15;240;1
22;190;1
46;65;0
5;106;0
-15;183;0
20;47;0
-2;248;0
5;194;0
-19;228;1
47;68;1
22;82;1
35;46;1
-2;127;0
8;231;1
-1;90;0
15;183;0
47;194;1
4;176;0
21;175;0
45;65;0
-6;163;1
15;114;1
7;134;0
-1;241;0
30;3;0
5;144;1
-18;102;1
9;225;1
20;212;1
3;91;0
-15;87;0
38;155;1
31;121;0
50;69;0
-12;42;1
10;245;0
15;68;1
6;230;0
12;23;0
-16;239;1
36;245;1
-9;45;0
49;198;0
10;195;0
30;137;0
25;246;1
26;58;0
4;88;0
-7;182;0
48;31;0
32;108;1
47;27;1
17;213;0
31;29;1
37;77;0
14;238;0
32;111;0
-3;31;0
7;60;0
5;7;1
35;90;1
-12;211;1
6;99;1
11;127;1
-19;152;0
14;240;0
44;243;1
28;24;1
14;22;1
-12;158;0
-2;172;1
40;250;1
-19;230;0
10;188;1
29;52;1
25;179;0
-2;193;0
-11;105;1
19;103;0
38;79;1
20;105;1
3;58;1
13;226;1
14;5;0
18;26;1
43;60;0
45;203;1
24;193;1
44;86;0
-16;137;1
-3;136;1
40;190;1
-15;15;1
21;119;1
38;103;0
0;139;1
0;11;1
44;28;1
25;41;1
15;116;1
-7;108;1
10;34;0
-4;80;0
19;56;0
44;248;0
2;233;0
-16;227;1
43;159;0
25;105;1
11;240;1
36;146;1
4;6;0
34;248;0
-15;52;0
22;139;1
-14;26;1
50;241;1
24;244;0
41;174;1
12;15;0
43;21;1
25;172;0
44;117;1
-8;205;0
-4;174;0
-3;233;0
13;77;1
11;242;1
0;60;1
28;212;1
20;83;0
-14;110;1
-13;18;1
-5;181;0
46;169;1
-11;196;0
0;89;0
8;47;1
34;26;0
-6;223;1
-13;222;1
21;160;1
13;28;1
40;101;0
-20;13;1
1;140;1
47;133;1
1;72;1
8;165;0
-1;77;0
7;80;1
36;109;0
-17;241;1
5;29;1
23;93;0
47;97;0
0;2;0
31;44;0
39;124;1
50;111;1
25;172;1
-18;72;0
5;153;0
9;98;1
3;11;0
38;131;0
34;227;0
23;223;1
20;222;1
41;5;1
-7;24;0
-4;143;0
13;3;0
38;213;1
24;168;0
25;104;1
16;229;0
-18;44;1
8;99;0
14;241;0
-8;92;1
36;178;1
9;190;1
11;34;0
7;176;0
40;29;0
49;14;0
-6;196;1
15;120;1
47;152;1
43;176;1
33;224;1
-7;182;0
16;52;0
2;11;1
42;10;1
39;202;1
5;103;0
19;118;0
-15;249;0
15;212;0
21;190;1
40;165;1
-12;17;0
11;227;1
39;246;1
-3;82;0
-1;24;1
3;175;0
0;227;0
44;76;1
41;11;1
-2;40;1
-6;32;0
25;2;1
29;137;0
26;122;1
10;129;1
23;214;0
30;13;1
22;22;0
14;202;0
10;221;1
10;7;0
38;67;1
40;144;1
0;196;0
50;225;0
-20;56;1
14;58;1
17;99;0
-10;194;1
-17;234;0
45;33;0
42;96;0
-20;33;1
50;152;0
40;124;1
39;184;1
26;184;1
33;19;0
-13;55;1
28;52;0
49;94;0
-16;148;1
2;64;0
33;106;1
32;142;1
-13;231;1
22;69;1
11;162;0
16;175;0
29;95;0
42;250;1
26;70;1
-7;163;0
14;250;0
9;244;1
48;86;0
13;117;1
37;231;0
3;175;0
-3;132;0
27;151;1
41;172;1
49;204;0
34;73;0
22;140;1
2;41;0
46;82;0
-2;11;1
39;240;0
31;232;1
-20;68;1
21;207;1
29;8;1
-3;181;0
22;211;1
40;58;1
9;160;1
18;158;1
-1;198;0
-1;199;0
-7;176;0
-5;97;0
21;163;1
10;140;1
15;142;0
-15;181;1
3;14;1
25;46;0
37;232;0
-5;9;0
21;161;0
0;236;1
21;67;0
10;101;1
-19;201;1
2;176;1
22;51;0
22;187;0
14;141;1
7;76;0
27;44;1
1;187;0
-5;96;0
25;78;1
41;114;1
45;227;1
11;98;1
-13;92;1
-14;92;0
49;198;0
-17;194;1
21;145;0
36;49;0
9;180;0
42;143;0
-12;67;0
21;5;0
-18;25;1
16;208;1
-9;166;1
17;173;0
14;86;1
20;215;1
48;128;1
15;159;0
20;75;1
50;160;1
9;226;0
-5;56;0
-3;207;0
-6;20;0
45;27;1
38;220;1
-2;172;1
3;49;0
32;238;0
-20;246;1
1;79;1
34;134;1
45;181;0
30;145;0
-4;195;1
-1;136;1
10;221;0
21;200;1
-7;143;1
11;227;1
37;191;1
30;192;1
-17;53;1
22;128;0
27;15;1
9;248;0
17;37;0
14;22;0
44;194;1
49;4;1
44;179;0
5;176;0
48;112;1
-14;116;1
-10;157;1
2;149;0
-2;123;1
37;162;0
-18;68;0
16;127;0
-12;13;1
10;137;0
12;135;0
-17;181;0
16;25;0
-3;184;0
5;12;0
11;77;0
45;237;1
3;25;0
12;250;1
19;12;0
23;80;1
43;73;1
24;245;0
44;110;0
38;41;0
3;161;0
3;128;0
39;202;0
-19;120;1
17;205;0
31;195;0
-10;156;0
-2;77;0
0;87;1
-16;112;0
-14;156;1
41;38;0
6;50;1
37;51;0
31;65;1
10;157;1
-9;76;0
30;167;0
-10;164;0
-8;19;0
-17;210;0
41;3;0
20;79;0
15;233;1
3;148;1
25;184;0
12;188;0
36;90;1
-4;93;0
9;208;0
22;152;0
-12;228;0
-8;127;0
-10;189;0
20;148;0
50;27;1
-10;16;1
-19;32;1
-9;138;0
32;85;1
49;130;0
-4;137;0
-18;205;0
38;55;0
3;183;1
-13;62;0
6;87;0
13;156;0
15;40;0
23;193;0
37;164;1
48;137;1
14;230;1
47;150;0
2;51;0
-15;224;1
40;233;0
-4;159;0
-2;82;0
-6;234;0
-15;177;0
45;240;1
-18;31;0
10;75;1
0;104;1
14;223;0
33;25;0
20;181;1
-18;108;1
-1;127;1
-20;102;1
-7;182;0
-16;233;1
-8;184;1
-1;161;0
-10;25;0
35;27;1
-10;157;0
15;108;0
0;178;1
-11;15;1
-1;159;0
38;103;1
7;101;0
17;101;1
6;89;0
-13;232;1
45;141;1
28;173;0
17;43;0
-19;65;0
-2;203;1
12;109;0
-10;85;1
-16;227;0
23;142;1
11;164;1
-20;212;1
10;18;0
23;85;1
23;177;1
-15;205;0
47;43;0
-5;97;1
28;175;0
14;47;1
-16;102;0
-12;161;1
35;26;1
16;185;0
45;193;0
50;73;0
10;246;1
50;10;0
49;230;1
-12;30;0
8;170;1
7;166;1
39;149;0
32;238;0
-3;56;0
38;20;0
7;68;1
-6;12;1
40;136;1
-3;161;1
-14;34;1
29;180;1
-7;34;0
18;93;1
37;39;1
47;120;1
18;222;0
34;231;1
34;223;0
-6;44;1
47;25;0
38;162;1
18;140;1
-2;117;0
8;104;1
-19;130;0
-17;248;1
31;84;1
48;155;0
44;184;1
23;131;0
44;140;1
-5;236;1
20;209;1
7;213;0
31;137;0
40;154;1
47;152;0
3;208;0
-3;171;1
22;115;1
41;104;0
3;148;1
40;250;0
2;10;1
16;48;1
-8;222;1
-17;56;0
-4;148;0
-5;26;0
-9;90;1
32;73;1
32;194;0
48;182;0
2;9;1
14;174;0
42;123;1
-16;80;1
6;164;1
36;198;1
20;250;0
-4;168;0
45;157;0
24;100;1
-17;131;0
44;144;1
4;249;1
-13;120;1
-3;136;1
-11;223;0
28;243;1
-5;11;0
-5;1;1
12;135;1
32;167;1
-5;33;0
30;29;1
40;93;1
42;93;1
48;244;1
-17;44;1
37;130;0
-14;142;1
-15;43;0
41;142;1
40;23;1
36;108;1
-12;132;1
2;187;1
39;187;1
32;101;1
-7;138;0
21;105;0
-6;99;1
30;86;0
27;137;0
16;150;1
11;66;1
-2;158;1
43;231;1
3;110;1
-8;214;0
-17;221;0
-16;12;0
-11;148;0
17;106;0
32;216;0
20;188;0
4;66;1
-14;66;1
-3;94;0
-15;191;0
41;44;1
10;245;0
-12;34;1
32;195;1
-18;141;1
-20;234;0
-16;156;1
-12;204;0
6;167;1
2;152;1
21;222;1
43;136;0
-11;92;1
20;192;1
11;56;1
32;123;0
40;90;1
29;12;0
21;164;1
29;53;0
-16;12;0
18;196;1
13;100;1
-19;86;0
2;8;1
24;246;1
42;127;0
-13;248;0
36;211;1
31;49;0
11;189;1
22;244;0
4;248;0
46;27;1
-6;198;1
13;249;0
-20;167;0
-10;142;0
-15;216;1
41;52;1
25;152;0
12;119;1
38;189;0
29;40;1
43;71;0
24;12;1
16;66;0
-5;179;0
30;239;0
9;159;1
40;171;1
3;250;0
38;217;1
32;217;1
46;75;0
-18;194;1
-11;28;1
3;192;0
3;156;1
-16;146;1
33;185;0
24;72;1
23;102;0
5;242;0
-5;60;1
40;172;1
12;173;1
39;28;0
24;166;1
-12;89;1
15;175;1
29;28;1
41;241;1
-13;159;1
17;11;1
35;246;0
18;45;1
16;178;0
4;53;0
38;173;1
45;203;1
-8;217;1
18;55;0
30;22;0
19;83;1
17;80;0
14;38;1
15;130;0
2;214;0
17;40;1
-12;4;1
31;233;0
22;48;1
27;17;1
18;107;1
42;198;0
2;218;1
11;236;1
12;49;1
17;124;1
13;112;0
-8;123;0
-2;31;1
41;128;0
-12;122;1
46;102;1
-10;168;1
10;234;1
35;107;1
21;162;0
31;209;0
43;173;1
-3;173;1
-10;198;1
12;218;1
42;189;1
-20;167;0
8;216;1
24;21;0
-10;2;0
-13;109;1
6;228;0
44;223;0
29;192;0
27;204;1
-6;169;1
29;135;1
48;135;1
19;229;0
-18;100;0
4;205;1
32;156;1
33;99;0
42;5;0
42;120;1
-12;162;0
7;16;0
2;115;1
-18;71;1
23;3;0
8;119;1
-5;110;0
6;154;1
24;250;0
-2;56;0
6;164;1
40;147;0
-6;222;1
26;49;1
17;177;1
31;13;1
32;1;0
44;194;0
21;236;1
46;96;0
-6;185;1
1;3;0
-2;60;1
-8;11;0
30;194;0
-7;161;1
-6;230;1
-18;101;1
-12;32;0
16;139;1
24;80;0
-17;24;1
-3;49;1
18;216;1
11;179;0
32;174;0
14;26;1
-11;43;1
7;125;1
12;119;0
25;77;0
47;34;0
30;54;0
-20;99;1
45;149;1
15;160;1
36;145;1
7;181;1
2;72;1
7;236;0
-16;144;1
4;13;0
5;243;1
-17;138;0
-8;118;1
-9;115;0
-19;38;0
17;31;0
35;202;0
10;48;1
-16;188;1
7;112;0
36;215;0
9;215;0
-6;178;1
45;136;0
-10;16;1
-7;28;0
26;39;1
22;162;1
-17;113;1
4;149;0
13;89;0
15;43;0
21;245;1
-16;22;1
16;42;1
13;191;1
1;137;1
-8;151;0
13;84;1
20;210;1
48;236;1
50;74;1
-19;48;0
38;71;0
41;95;0
-18;192;0
-2;139;1
-15;194;1
22;212;1
0;33;0
9;158;0
34;214;1
50;21;0
8;169;0
49;125;1
11;210;0
16;179;0
-1;144;0
10;62;0
41;183;1
24;106;1
32;201;1
12;60;0
50;199;1
-7;120;0
44;6;0
10;38;1
1;61;1
-17;69;0
31;113;0
-2;194;0
3;228;0
1;114;0
15;81;0
-14;17;0
-3;74;0
6;148;0
13;103;0
-9;148;0
5;172;0
-9;168;0
-14;243;0
-12;169;1
44;53;0
3;174;1
8;52;1
38;57;1
49;102;1
7;140;1
16;120;0
26;14;1
46;212;0
-9;235;1
8;174;1
12;219;1
36;206;0
7;87;1
-14;133;1
23;197;1
15;94;1
49;144;1
31;181;1
34;182;0
40;167;1
35;82;1
43;80;1
-17;248;0
30;220;0
-13;217;1
13;212;1
26;13;0
29;84;0
17;48;1
22;39;0
12;167;1
30;136;1
15;235;1
-14;108;1
8;54;0
10;163;0
-4;90;1
40;154;0
-14;171;0
-13;36;0
-14;213;1
29;9;1
44;165;1
26;64;0
-1;133;1
45;149;0
45;31;1
-2;143;0
-19;88;1
31;30;1
45;90;1
45;89;1
24;155;1
-15;50;0
47;97;1
21;156;1
-4;248;0
-18;118;0
37;53;0
-14;127;0
1;137;1
-8;33;1
42;73;1
-2;198;1
15;187;1
13;134;0
28;195;0
26;61;1
7;173;1
-12;25;1
41;123;0
-20;137;0
7;51;0
16;164;0
-5;4;0
43;234;1
-4;80;0
-18;39;0
37;5;1
22;79;1
8;112;0
-19;155;0
-14;83;1
37;203;1
-10;156;1
8;169;0
-4;71;0
34;45;0
10;112;0
-19;100;0
4;5;1
20;173;0
22;24;0
7;207;0
-18;81;0
-20;208;0
22;92;0
21;201;1
45;209;0
11;195;0
-14;56;1
29;66;0
12;109;0
30;104;0
21;33;1
37;103;0
-15;98;0
8;161;1
-6;27;0
41;183;1
-20;202;0
-6;126;1
31;191;0
34;202;0
-15;155;0
14;173;1
-2;61;1
-8;97;0
20;120;0
14;126;0
18;88;0
-14;200;1
23;81;1
-13;144;0
23;111;0
-12;138;0
-8;244;0
14;49;0
28;238;1
37;184;1
-4;25;0
4;27;1
33;64;0
33;155;0
39;11;1
31;169;0
1;69;0
41;37;0
13;169;0
38;109;0
46;176;1
37;129;1
30;39;0
20;212;0
46;90;1
20;72;0
-11;247;0
22;66;1
-20;74;0
15;98;0
5;63;0
31;47;1
41;250;1
29;233;0
49;86;1
21;106;1
1;107;1
39;8;0
41;133;1
-15;65;0
24;82;1
31;161;0
-2;232;0
25;219;0
24;79;1
35;173;1
46;124;1
-5;66;0
29;154;1
46;212;1
20;115;0
13;219;0
27;64;0
0;187;0
-18;238;0
-4;226;1
-15;18;1
12;1;1
-16;9;0
-15;121;1
20;152;1
3;104;0
48;225;0
9;20;1
0;91;1
-5;18;1
-19;167;1
-2;82;0
-20;222;1
-20;152;0
5;113;0
27;207;0
14;72;1
18;144;1
-16;175;0
39;138;0
-6;173;1
9;84;0
-6;198;0
26;49;0
-12;188;0
29;156;1
25;196;1
6;144;0
-5;31;1
38;184;0
13;80;1
40;168;1
18;235;1
-9;161;1
37;168;1
47;223;0
2;132;1
21;161;0
13;59;0
36;100;0
6;215;0
3;119;0
25;114;1
50;112;1
4;230;1
43;56;1
-4;107;1
16;217;1
46;157;1
-4;250;1
31;60;1
-14;161;1
45;131;0
24;89;1
3;118;0
31;49;0
14;224;0
33;46;1
4;2;1
50;36;0
33;173;1
-17;8;0
-14;99;1
-2;157;0
-16;96;1
32;75;0
10;51;0
34;227;1
30;220;1
20;222;1
28;81;1
1;139;0
6;130;1
10;209;1
49;100;0
6;180;1
14;137;1
12;194;1
26;153;0
11;123;0
-6;219;0
20;247;1
-10;156;0
9;201;0
45;124;1
19;4;0
21;235;0
50;109;0
-15;64;0
44;10;1
39;207;1
42;115;1
23;87;0
11;210;0
42;73;0
33;43;1
49;211;0
20;236;1
40;227;1
38;249;0
5;80;0
5;133;0
-17;146;0
5;229;0
-7;142;0
-9;69;0
32;62;0
44;70;1
38;36;1
-18;36;0
47;174;1
-11;57;0
18;200;1
-3;111;1
46;50;1
23;34;1
-15;4;1
29;137;1
12;6;1
36;209;1
27;69;1
49;42;0
30;71;1
20;9;1
-12;241;0
49;54;1
-9;38;0
-9;224;1
-19;191;0
15;16;1
35;157;1
28;22;1
11;203;0
20;139;1
20;229;1
-4;22;1
22;206;1
33;142;1
-8;219;1
1;150;1
21;207;0
42;116;0
47;189;1
45;235;1
21;131;1
37;99;0
23;187;1
-7;179;0
25;244;1
23;108;0
-17;36;0
24;193;0
23;100;0
32;84;1
-17;3;0
18;162;0
-12;221;1
26;242;0
18;34;0
1;171;1
-15;214;0
48;135;0
35;87;0
-5;69;1
46;227;1
11;154;0
48;226;1
24;137;1
19;238;1
21;193;0
-6;163;0
14;148;1
25;45;0
7;162;1
40;224;0
37;30;0
15;91;1
-6;206;1
29;3;0
-1;214;1
22;28;1
3;75;1
18;7;1
49;74;0
17;212;1
-4;166;1
47;220;0
34;192;0
-16;152;0
47;143;1
26;192;1
10;120;1
-12;241;0
42;29;0
34;86;0
-3;17;0
-13;224;0
18;183;0
28;135;1
30;43;0
37;172;0
17;3;1
22;78;1
35;188;0
6;49;1
-6;140;1
1;247;1
14;144;1
0;2;0
21;226;1
8;248;1
16;88;0
-9;107;0
1;130;0
14;52;0
47;65;0
-20;155;1
14;214;0
34;58;0
49;74;1
21;123;0
-3;100;1
42;158;0
39;91;0
35;168;1
28;75;1
8;46;0
33;154;0
-19;228;1
14;12;0
-5;193;1
37;9;0
-14;249;1
8;242;1
10;5;1
-7;208;1
7;39;0
2;27;1
-1;51;1
36;41;1
21;228;0
38;37;1
12;193;0
-12;134;1
16;94;0
41;70;0
41;242;1
-12;172;1
49;229;1
-15;162;1
15;227;1
14;208;0
38;173;0
35;121;1
30;209;0
5;109;0
7;104;1
-8;134;0
19;233;1
34;236;0
34;45;0
21;14;0
37;178;0
50;207;0
-17;17;0
13;221;1
-3;221;1
-17;211;0
-11;219;1
45;80;1
13;80;1
47;206;1
43;57;0
7;247;1
1;212;1
22;74;0
41;38;0
42;131;0
43;167;0
-14;5;0
14;36;0
-4;50;0
-6;223;0
33;122;1
35;173;1
-10;201;1
-13;200;1
-4;141;0
16;158;1
50;99;1
18;157;1
-7;11;0
-6;1;0
-12;134;1
40;21;0
12;4;1
7;211;1
-14;135;1
7;249;1
46;70;0
-7;244;0
46;237;0
29;134;0
36;166;0
1;94;1
-5;165;1
14;68;1
37;66;0
43;3;0
-2;29;1
-2;229;1
0;199;1
39;117;0
17;207;1
27;43;1
7;145;1
-17;95;1
1;97;1
20;173;0
39;176;1
7;122;0
49;195;1
28;107;1
28;250;1
-20;91;0
29;187;1
25;94;1
29;249;1
-17;15;1
-14;196;0
31;1;0
47;247;1
-16;53;1
-20;240;1
23;54;1
-7;72;1
8;11;1
7;21;1
-20;235;0
46;81;0
14;190;0
-3;34;0
-16;10;1
0;163;0
29;37;1
35;141;1
49;34;1
27;52;0
31;115;0
-6;231;0
-13;221;0
21;148;1
5;205;1
-16;66;1
39;152;0
-13;10;0
31;96;1
-20;21;0
26;173;0
-18;186;0
-7;75;1
20;120;1
-14;99;1
11;238;0
6;67;0
31;31;1
2;238;0
28;240;0
12;155;0
15;145;1
3;74;0
3;27;0
38;211;0
8;168;0
11;73;1
14;232;0
31;42;0
20;237;1
-16;117;0
40;159;0
34;165;0
43;136;0
24;47;0
29;32;0
21;223;0
19;6;0
44;98;1
-15;206;1
31;131;0
49;240;1
3;247;0
0;20;0
-8;83;0
14;31;0
11;221;0
49;207;1
-3;83;1
31;203;0
17;124;1
13;109;0
7;57;0
28;198;1
45;181;1
27;221;0
36;116;0
14;138;0
-2;176;1
42;0;1
5;136;0
48;222;1
18;53;0
37;5;0
-13;72;0
47;46;1
48;81;1
19;171;1
31;31;1
-5;185;0
8;9;0
24;60;0
-7;97;1
-16;47;0
9;170;0
23;122;0
37;14;0
26;175;1
-11;90;0
9;87;1
2;53;1
41;169;0
2;12;0
8;0;1
-12;107;0
-10;152;0
-3;169;1
-20;24;0
19;51;0
15;192;0
27;227;0
2;227;1
20;106;1
13;76;0
46;50;0
39;117;1
-7;26;1
-2;62;1
-18;182;1
35;90;1
49;17;0
-20;243;1
43;22;0
16;8;0
11;231;1
31;41;1
8;205;1
6;35;0
4;64;0
6;126;0
19;176;1
32;0;1
23;70;1
26;179;0
13;102;1
46;107;0
-2;92;1
42;221;0
-2;58;1
45;65;0
35;169;1
28;8;1
28;131;1
-17;31;1
49;46;1
-19;10;0
-17;132;0
-20;86;1
24;52;1
25;31;0
-6;128;1
-7;133;1
29;206;0
46;183;0
44;63;0
-10;148;1
45;223;0
4;44;1
43;176;0
27;153;1
13;137;1
19;206;0
44;36;0
22;54;1
24;210;0
-11;118;0
48;250;0
-11;197;1
34;87;1
-1;88;0
-10;108;1
-3;191;0
17;224;1
23;51;1
36;134;0
16;124;0
31;78;1
24;100;1
3;175;1
35;150;1
40;32;0
15;236;0
21;210;0
47;225;1
-13;69;0
50;55;0
14;19;1
41;178;0
12;50;1
35;26;1
34;225;1
34;12;1
42;198;1
11;73;1
14;43;1
-3;32;1
-19;36;0
2;240;1
43;239;0
-8;164;0
-3;132;1
9;79;0
37;165;0
30;186;0
20;60;0
-1;115;1
46;111;1
12;177;0
42;31;0
-5;181;1
0;59;1
-3;48;1
9;223;1
-9;153;1
46;100;1
49;167;1
-13;6;1
41;246;1
27;223;1
-17;31;1
-14;158;0
-16;106;0
-11;169;0
15;95;1
-10;143;0
32;96;0
36;154;0
37;22;1
44;116;0
39;192;1
25;224;1
16;98;1
-13;81;0
-18;170;1
-7;32;0
36;98;0
0;225;0
28;14;0
39;46;1
35;133;0
41;198;0
-18;225;1
7;139;1
7;144;1
7;202;1
43;27;0
-11;31;0
32;110;0
-13;120;0
37;200;0
48;190;1
39;68;1
17;12;1
30;106;0
-10;102;0
-16;49;0
5;22;1
-8;172;0
1;218;0
31;235;0
7;77;1
29;56;0
15;56;1
26;77;1
28;137;0
28;74;1
42;78;1
-11;158;1
37;192;1
31;155;1
14;239;1
50;22;0
7;66;0
0;72;0
6;106;1
-13;183;1
28;87;1
23;66;1
34;101;0
28;39;1
31;159;1
15;104;1
-16;205;1
-10;116;0
10;157;1
32;99;1
32;213;1
-10;249;0
-1;130;1
28;229;0
-2;207;1
41;51;1
36;89;1
46;112;0
-19;21;1
18;112;1
-4;236;0
36;152;1
2;21;1
5;37;0
9;213;1
46;4;0
12;7;0
13;218;1
-2;2;1
50;62;1
20;215;0
16;32;1
47;105;1
11;41;1
-6;47;0
-18;203;0
47;95;0
18;108;1
20;189;1
26;68;0
11;54;1
-11;215;0
15;91;0
32;8;0
47;22;1
-10;160;0
-2;121;0
18;79;0
33;169;0
19;175;1
-12;181;0
39;225;1
30;165;1
45;94;1
-7;126;0
30;85;0
15;41;0
15;24;0
10;137;0
28;144;0
4;123;1
28;24;0
-16;163;1
10;105;0
-14;24;1
41;5;1
21;226;1
-4;227;1
14;112;1
-12;31;1
9;101;1
-14;197;0
21;82;0
-2;161;1
-20;57;0
12;140;0
33;116;1
-12;85;0
42;110;0
48;146;0
33;245;1
50;15;1
38;191;1
-3;42;0
41;32;0
-17;104;0
-2;169;0
36;56;1
-1;27;0
-10;109;0
-16;165;1
13;187;1
0;118;0
31;193;0
-2;17;0
-9;154;0
18;48;1
-1;96;1
21;174;0
0;78;1
44;76;1
20;10;1
34;66;1
-18;23;1
-20;74;0
-7;168;1
-2;204;1
-9;206;1
28;180;1
45;204;0
31;37;0
27;198;0
-16;0;0
43;88;0
7;55;0
38;231;1
34;171;0
16;247;1
-2;123;1
22;142;1
20;9;0
22;25;1
36;162;1
49;209;1
17;236;1
-5;148;1
31;101;0
17;170;0
15;14;1
-12;102;0
10;76;1
-7;92;0
48;51;1
-12;116;0
21;222;1
37;65;0
45;215;1
-19;191;1
23;147;0
38;247;0
33;236;0
-12;110;0
4;196;1
-11;232;0
20;70;0
-14;106;0
13;197;1
9;212;0
-2;44;0
-18;115;1
50;212;0
38;143;1
16;86;0
26;250;0
0;216;1
27;243;1
-11;177;1
28;12;0
11;31;0
8;227;1
45;218;0
33;247;1
36;247;1
-12;0;0
38;29;1
39;138;0
26;239;1
-17;115;0
1;94;0
1;159;1
38;48;0
25;16;1
-8;155;1
16;173;0
28;192;1
36;201;0
24;50;0
2;191;1
25;232;1
36;161;0
-3;73;1
38;130;0
46;21;0
20;199;1
0;101;0
-9;88;0
6;158;0
-20;31;0
6;208;0
-10;155;1
31;132;1
-5;200;1
22;68;1
38;7;0
15;149;1
-20;58;1
36;60;0
6;158;1
1;34;1
45;73;0
50;110;1
35;65;1
-9;14;1
37;181;1
23;144;0
-8;202;0
-12;219;1
12;36;1
24;192;0
34;185;0
-17;1;0
41;65;0
-7;182;1
42;35;1
29;90;1
19;206;0
46;245;1
7;88;0
-9;249;1
-5;224;1
48;130;0
26;211;0
35;229;1
-7;193;0
19;219;0
43;39;1
34;198;0
11;34;1
7;169;0
-9;122;0
12;126;0
29;231;1
-7;161;0
47;165;0
25;148;1
29;82;0
-4;107;0
-20;98;0
18;180;0
8;201;1
15;176;0
50;82;0
21;99;0
-19;134;0
-1;226;1
38;33;1
48;182;0
13;22;0
23;138;1
45;236;1
44;202;0
-9;162;1
50;23;0
45;49;0
38;122;0
19;237;1
-11;106;0
16;183;1
-16;211;0
37;95;0
-4;192;0
41;234;0
-3;92;0
32;122;1
-6;134;1
0;117;0
-9;249;1
-1;225;0
14;247;1
36;27;0
46;56;1
-11;62;1
39;4;0
20;200;0
22;67;0
36;82;1
43;204;0
-3;88;1
5;172;1
0;58;1
46;155;1
19;247;0
23;161;1
45;129;1
15;235;0
12;215;1
-6;158;1
32;11;0
24;117;1
43;80;1
43;106;1
-18;27;0
39;236;1
22;138;0
-1;105;1
-18;200;0
46;43;1
38;152;1
-5;15;1
28;144;0
46;6;1
-13;131;0
40;93;0
12;228;1
38;42;0
3;70;0
17;124;0
12;202;1
-9;9;1
28;144;1
28;220;1
-2;161;1
34;136;1
49;183;1
44;27;0
19;212;1
20;175;0
43;219;1
8;163;0
2;121;0
49;240;1
38;122;1
-15;100;1
-4;181;0
-12;157;1
-10;236;1
-18;15;0
23;206;1
15;236;0
43;111;1
14;28;1
-14;51;0
41;46;1
-8;102;1
23;67;0
36;231;0
20;163;1
17;234;1
26;215;1
-1;236;1
11;39;0
8;206;1
-19;113;1
-3;8;0
-10;70;1
35;177;0
-8;47;0
40;10;1
8;238;1
-20;146;0
-6;202;0
-7;246;0
-19;199;0
-13;154;0
28;108;0
42;16;0
11;141;0
8;194;1
44;113;0
12;238;1
-6;229;1
-16;144;1
42;64;1
-3;133;1
50;136;1
-11;211;1
12;223;0
16;242;0
26;200;0
48;241;0
23;39;0
7;189;0
10;243;1
40;12;0
1;216;0
-20;184;0
21;153;1
37;150;1
23;212;1
48;173;0
39;177;1
-9;208;1
30;250;1
7;169;0
10;193;0
15;127;0
-3;218;1
31;156;1
45;194;1
5;145;1
36;43;1
-1;184;1
15;154;1
-20;236;1
-9;197;1
-12;49;1
-16;94;0
48;154;0
12;52;0
30;161;0
41;137;1
38;125;1
8;219;1
29;223;1
-8;192;1
20;60;1
-16;111;1
27;71;1
36;219;0
17;60;0
49;248;1
37;141;0
17;112;1
5;116;1
25;142;1
-8;220;1
-8;187;1
-16;170;1
7;149;1
4;89;0
-17;125;0
22;170;0
3;43;0
17;221;0
30;21;0
48;151;1
33;99;1
0;63;0
4;241;0
24;125;1
25;56;1
23;144;0
22;108;1
17;199;0
50;48;0
18;112;0
-20;245;1
0;43;1
-18;226;1
-16;92;0
21;201;0
-5;66;0
-13;48;1
44;105;1
12;130;1
33;128;1
38;39;1
38;160;0
19;42;0
-10;242;1
19;41;1
5;52;0
40;238;1
-12;192;0
45;196;0
41;60;0
25;43;0
16;20;1
35;9;0
-13;35;0
21;95;1
4;77;0
21;63;0
41;62;0
25;190;0
48;161;0
10;46;0
18;56;0
21;249;1
1;206;0
2;70;0
37;176;0
19;164;1
17;212;0
6;86;0
18;197;0
-12;156;0
44;65;1
28;134;0
12;60;0
48;204;1
25;237;0
4;111;0
-4;27;1
-3;143;1
5;28;0
29;98;0
47;196;0
8;243;1
43;99;1
37;243;1
0;249;1
22;39;0
-2;213;1
29;178;0
35;116;1
43;84;1
27;236;1
22;53;0
42;247;0
39;240;0
-15;194;0
-15;93;1
-16;165;1
1;133;0
-8;51;1
21;201;1
7;108;0
30;212;0
1;57;0
37;246;0
-4;23;0
13;51;0
48;60;0
36;73;0
47;112;0
29;248;0
32;64;1
12;198;1
9;168;0
14;42;0
-2;108;1
0;22;0
20;26;1
-15;23;0
-17;135;0
32;123;0
18;137;1
17;68;0
14;85;0
25;85;1
6;221;0
14;249;0
35;142;0
-18;223;0
-4;105;1
15;3;1
11;202;1
47;218;1
21;189;0
2;52;1
0;76;0
-15;101;0
8;136;1
45;206;1
37;234;1
1;95;0
-11;65;1
-20;219;0
15;213;0
0;60;1
46;54;1
-7;235;1
24;72;1
-14;182;1
2;49;0
3;93;1
45;202;0
8;69;0
2;127;0
42;89;1
25;130;0
-5;157;0
5;55;0
8;241;1
9;35;1
16;187;0
14;40;1
14;231;1
32;219;1
12;156;1
-15;1;0
23;171;1
0;223;0
40;31;0
13;37;1
11;158;1
38;102;0
7;214;0
18;228;1
33;78;0
-13;222;0
-1;181;0
-2;191;1
-7;218;1
26;187;1
-3;61;0
30;19;0
11;151;1
50;45;1
27;54;1
30;16;0
-14;53;0
-11;24;1
-10;182;1
35;33;0
-15;32;1
31;149;1
17;168;1
47;87;0
40;74;1
37;87;0
-5;181;0
8;78;0
38;87;1
22;222;1
19;221;0
-19;89;1
-10;87;0
18;67;1
1;84;1
-6;116;1
1;140;1
13;57;1
12;152;1
47;36;1
-12;98;0
-9;125;0
14;144;1
41;92;1
21;31;0
8;81;0
33;184;1
-16;248;0
42;31;0
41;59;1
-8;211;1
48;162;1
5;107;1
8;150;1
28;204;1
-17;18;1
26;160;1
44;60;1
2;221;0
19;98;0
-14;68;0
22;133;1
13;134;1
26;6;1
33;26;1
27;166;0
11;191;1
-17;79;1
-6;45;1
-20;124;0
18;236;1
15;122;0
7;196;1
-2;72;0
21;249;1
24;161;0
5;79;1
41;44;0
32;192;0
-10;232;0
-5;217;0
28;163;1
16;217;0
1;178;0
40;202;0
27;188;1
-5;161;1
35;121;1
-16;218;0
-7;53;0
-10;37;0
38;80;0
44;214;1
0;123;1
49;69;0
-3;90;1
-11;30;0
-10;71;1
1;48;1
-9;7;0
-19;32;0
-20;21;1
36;223;1
9;230;1
-1;219;0
21;189;1
19;248;1
25;104;1
-18;249;0
29;1;0
46;26;0
44;34;0
34;76;1
40;195;1
7;235;0
22;91;1
-20;234;0
10;90;0
-14;172;1
19;193;0
33;178;1
-12;159;1
5;77;0
10;239;1
9;180;1
33;111;0
10;157;0
43;217;0
50;222;0
19;192;0
-14;192;0
29;118;1
-18;77;0
19;43;1
3;241;0
-20;210;1
13;223;1
15;249;1
28;133;1
48;47;0
6;2;0
-17;169;1
12;198;1
29;173;0
-12;14;1
28;37;0
5;7;0
2;138;1
-18;213;1
24;27;0
37;176;1
19;122;1
6;87;0
29;78;0
23;243;1
0;123;1
10;111;0
11;123;0
-7;54;0
12;222;1
18;94;0
37;38;1
46;186;1
-12;7;0
28;244;0
49;219;1
23;4;1
48;137;1
45;83;1
41;132;1
8;82;0
11;117;0
41;81;1
26;48;1
-18;168;0
46;79;0
39;176;0
17;153;1
38;26;0
33;125;1
23;240;0
9;44;0
-12;220;1
2;115;0
19;14;0
9;29;0
-2;178;0
-10;88;1
24;56;0
42;36;1
-5;153;1
20;33;0
-2;51;0
35;149;0
44;112;0
-13;31;0
32;70;0
48;183;1
-8;214;1
-14;74;1
31;97;1
50;204;0
35;35;0
-6;100;1
-13;131;1
0;247;1
46;198;0
14;152;0
-12;16;1
-2;129;0
-9;81;1
-1;214;0
35;40;0
-14;234;1
27;120;0
-3;106;1
37;202;1
12;176;1
31;45;0
-1;155;0
38;75;1
37;15;1
8;50;1
10;70;1
-3;79;1
5;53;0
11;227;0
25;186;1
-19;31;1
-15;108;1
-19;54;1
22;42;0
23;243;0
-4;144;0
39;101;0
-16;6;1
-8;192;1
1;198;1
20;160;1
-11;225;0
45;2;1
0;186;1
41;187;1
-2;23;0
22;116;0
-17;81;1
7;243;0
-9;101;0
41;183;0
-14;93;1
-1;135;0
22;125;1
12;171;0
-2;221;0
39;0;1
-10;39;1
6;178;0
24;76;0
-11;62;1
33;96;1
-10;142;1
-20;111;1
17;53;1
1;26;0
-14;30;1
39;32;1
50;16;1
-2;61;1
45;118;1
50;169;1
-6;156;1
5;166;0
-9;14;0
10;226;1
-1;119;0
-14;92;0
11;222;1
42;224;1
23;194;0
17;50;0
27;135;0
47;40;1
2;28;1
-4;175;1
5;73;1
14;212;1
27;184;0
27;203;1
44;127;1
34;27;0
20;219;1
0;141;1
12;157;0
-17;100;0
-7;233;0
-20;134;1
46;230;1
32;72;0
-7;127;0
26;148;0
5;189;0
38;90;1
-7;159;1
44;200;1
4;131;0
-7;170;0
-20;18;1
24;30;1
9;5;1
33;206;0
6;74;1
-6;221;1
4;49;1
43;96;1
13;214;0
9;32;1
-13;91;1
4;22;0
40;161;0
27;69;0
-7;147;0
2;56;1
23;34;1
11;173;1
47;125;0
-19;157;0
-14;196;1
23;47;0
18;67;0
-16;44;0
45;120;0
50;208;1
-3;25;0
16;217;0
20;31;1
-10;122;0
9;124;0
9;61;0
27;101;1
48;189;1
10;195;0
22;74;0
-12;49;0
34;31;1
18;27;0
12;138;1
28;158;1
-12;156;0
47;222;1
20;26;1
1;247;0
9;185;1
30;58;1
16;182;0
1;237;1
40;41;1
40;175;0
-6;86;1
48;112;1
-16;24;1
47;94;0
32;138;0
-8;42;1
36;149;1
14;137;1
-14;210;1
21;93;1
9;147;1
-5;211;0
25;71;1
25;1;0
45;128;0
-14;127;0
-8;207;0
21;34;1
1;31;0
17;32;1
27;232;0
32;221;0
18;151;1
-5;17;1
15;113;1
11;157;1
-3;185;0
-3;72;0
31;228;0
-11;58;0
-17;3;0
26;15;1
25;210;1
28;121;1
7;206;1
11;8;0
20;91;0
-7;162;0
5;88;1
15;248;1
23;90;1
10;170;0
24;245;1
19;174;0
27;40;1
43;226;1
27;26;1
24;67;1
32;194;1
9;202;0
3;229;1
44;243;1
46;47;0
23;107;1
-16;59;1
39;246;1
11;156;1
18;91;0
0;100;1
36;87;1
38;90;0
-4;139;1
28;200;0
9;186;0
26;203;1
1;197;0
29;208;1
41;109;0
37;233;1
28;5;0
8;6;0
8;80;0
-17;194;1
42;88;1
-7;94;0
4;208;1
-1;58;1
14;103;1
1;245;0
-20;121;0
50;185;0
21;9;1
47;11;1
23;199;1
39;117;1
26;148;1
17;34;0
23;65;0
24;151;1
8;12;1
37;194;1
35;193;1
-1;132;1
19;212;1
37;56;1
-6;179;1
-15;182;1
0;10;1
2;245;1
8;186;1
21;191;1
14;12;0
45;108;0
8;153;1
49;207;0
-19;237;1
-1;18;1
-3;36;0
27;9;1
33;167;1
0;91;0
-9;130;0
-7;5;1
35;191;0
-18;13;1
-14;234;0
32;138;0
23;9;0
9;70;0
-12;148;1
48;20;0
19;22;0
27;113;0
5;221;1
19;79;0
29;58;1
31;66;0
-13;39;1
-13;236;0
35;7;0
3;34;1
17;25;1
43;66;0
36;56;1
14;178;0
15;119;1
-17;84;1
-15;45;1
29;182;0
36;152;1
47;200;1
23;36;0
5;69;1
-7;63;0
-12;90;1
44;246;0
39;33;0
11;140;1
36;64;1
18;144;0
32;21;1
43;181;1
16;37;1
-5;230;1
26;68;1
7;202;1
10;238;1
28;157;0
7;225;0
-1;104;0
25;129;1
22;83;1
27;49;1
-2;198;0
6;6;0
31;174;0
50;55;1
-9;63;1
3;62;1
19;136;1
35;49;1
9;74;1
-6;18;0
34;64;1
41;92;1
41;46;0
22;231;0
4;107;0
39;203;1
-9;22;0
44;108;0
45;209;0
28;163;0
47;154;1
18;11;0
-15;249;0
49;250;1
20;199;1
-7;234;1
34;43;0
-2;104;0
31;35;1
-8;39;1
-1;73;0
39;221;0
25;228;1
7;16;0
3;16;1
44;90;0
21;8;1
-8;227;0
24;50;0
-11;77;1
-10;188;1
42;138;0
3;24;0
28;8;1
35;41;0
31;89;0
12;157;0
32;195;1
9;67;0
-20;61;0
-10;134;1
12;91;0
15;191;1
-16;62;1
-8;227;0
24;149;1
-16;89;1
4;162;1
0;53;0
16;18;1
17;187;1
5;167;0
45;82;1
17;130;1
-20;204;0
47;58;1
5;32;1
33;208;0
10;76;0
2;56;0
41;55;1
-11;65;0
-8;209;1
8;229;0
45;171;0
-17;213;0
35;25;0
-5;77;0
18;36;1
35;62;0
16;31;1
42;104;0
8;109;1
37;67;0
18;226;0
29;124;0
19;84;0
3;210;0
-3;247;0
32;163;1
20;177;0
34;109;0
50;199;1
39;22;1
-17;185;1
26;155;1
17;61;0
7;88;1
-11;25;0
6;112;1
32;71;1
33;23;1
46;22;0
-12;155;0
-13;47;0
-1;227;0
30;112;0
20;105;0
39;68;1
37;95;0
19;137;0
4;11;0
-11;86;1
42;152;1
-8;143;1
7;111;0
-17;86;0
15;163;0
42;88;1
-10;155;0
-8;129;1
32;6;0
17;212;0
37;66;0
-5;14;0
-8;150;0
18;121;1
10;216;1
7;175;0
41;36;1
14;45;0
10;133;0
20;183;0
35;38;0
-11;171;1
46;31;0
27;206;1
25;171;0
22;94;0
39;235;0
25;0;0
20;88;0
41;24;0
34;236;0
1;171;1
-12;204;1
-20;117;1
-19;2;0
23;106;0
15;249;0
3;161;0
-15;91;0
18;53;1
-7;94;1
7;170;1
6;242;1
34;61;0
8;218;0
37;156;0
-8;178;0
15;134;1
28;33;0
45;191;1
1;27;0
50;58;0
3;55;0
31;189;1
36;210;0
12;175;1
47;46;0
39;56;0
12;7;1
-8;236;0
7;228;0
46;90;0
-18;139;1
3;132;0
-6;241;1
42;243;1
23;4;1
43;242;1
18;106;0
34;70;1
44;127;1
25;186;1
11;172;0
26;200;1
-2;229;0
39;14;0
11;49;1
4;15;1
-5;89;0
36;225;0
-3;88;0
23;73;1
23;123;1
-9;111;0
31;117;0
-4;20;1
2;64;1
22;168;1
1;33;1
36;31;0
-4;214;0
-1;122;1
25;238;0
-19;121;0
43;208;1
-17;18;1
-4;241;0
13;154;0
30;220;0
-10;169;1
31;71;0
20;135;0
-10;118;1
40;80;1
4;38;1
36;88;1
14;209;0
48;39;0
16;135;0
41;153;0
-11;10;0
10;200;0
-8;215;1
-18;115;0
48;48;0
43;125;1
-12;49;0
23;50;1
-12;175;0
-11;0;0
13;90;1
5;239;0
-19;94;1
7;55;0
25;18;1
24;24;0
6;74;1
15;15;0
-12;131;0
33;217;0
43;107;0
2;161;1
0;206;1
-7;222;1
3;186;0
-17;193;0
31;12;0
-11;203;0
-20;63;0
-4;68;0
16;95;0
7;180;1
3;139;0
36;107;0
-6;238;1
2;195;1
45;50;0
43;135;1
-7;38;0
18;155;1
22;193;0
0;76;1
47;132;1
44;46;0
8;165;0
6;11;1
32;35;1
-4;165;0
14;60;0
32;249;0
30;235;0
48;176;1
-10;214;1
2;41;1
50;234;1
26;184;0
3;53;0
12;33;1
35;221;1
31;59;1
-14;115;1
-5;139;1
2;98;0
46;78;0
-13;94;1
12;93;0
-11;240;0
30;164;0
15;128;0
33;250;1
13;108;0
-3;195;0
41;185;1
9;3;1
27;84;0
21;150;0
20;199;1
33;247;0
8;218;1
46;120;0
34;145;0
42;231;1
-10;197;0
48;54;1
50;39;1
2;117;1
36;98;0
-5;161;1
1;116;0
-5;113;1
-8;221;0
-19;175;1
1;76;0
-13;22;1
23;85;0
24;126;1
41;207;1
31;13;0
48;7;0
-19;23;0
-4;33;0
3;185;0
2;65;1
0;238;0
-2;241;1
9;229;1
-15;177;0
0;83;0
9;177;0
-9;68;0
29;78;0
48;67;1
7;121;1
37;192;1
-11;145;1
-19;108;0
20;250;0
26;72;1
26;3;0
-9;135;1
-19;200;0
-4;174;1
31;86;1
27;124;0
-5;95;0
-10;30;0
43;147;1
24;75;1
44;136;1
26;168;0
37;35;0
-19;23;0
31;194;0
6;22;0
-6;231;1
35;8;1
36;220;0
42;211;0
-1;207;0
12;182;1
-9;23;0
-17;88;0
31;116;0
49;235;1
-3;197;1
49;206;1
-19;40;1
9;70;0
-1;127;0
13;127;1
13;40;1
-11;113;1
-1;241;0
12;49;0
-1;126;0
19;14;0
36;159;0
20;197;1
-8;159;1
-3;136;1
-7;233;0
5;238;0
0;168;0
22;143;1
20;121;1
23;74;1
-14;30;1
-7;226;1
24;41;0
-10;230;1
38;114;1
-15;180;0
37;157;0
23;249;0
48;112;0
36;10;0
-11;146;0
45;144;0
31;246;0
0;205;1
-18;243;1
22;3;1
44;208;1
-4;245;0
-8;222;1
46;51;0
-9;145;1
29;46;0
39;184;0
37;232;1
45;10;0
9;187;0
22;74;1
-9;27;0
21;121;1
43;102;1
3;241;1
-10;71;1
13;151;0
-20;77;0
38;16;1
19;136;0
-20;10;1
-2;22;1
15;98;0
34;3;1
29;111;0
-8;80;0
37;164;0
-4;198;0
22;28;0
-20;201;1
14;165;0
26;75;1
41;10;1
18;112;1
26;40;1
31;152;1
-1;18;0
48;153;0
-13;20;0
-1;77;1
-10;226;0
-17;123;0
-4;193;0
25;143;1
30;35;0
-14;83;1
-12;16;1
39;57;1
49;186;0
-8;59;1
-14;183;0
-12;89;1
23;154;1
32;151;1
-1;186;1
40;152;0
22;197;0
-17;183;0
-15;4;0
35;104;1
11;134;0
42;203;0
11;27;1
-11;230;0
47;243;1
24;157;1
42;160;0
13;195;0
10;102;0
-12;182;1
42;181;0
-20;50;1
-4;151;0
39;129;0
18;225;0
-17;62;1
24;138;0
-1;85;0
37;37;0
37;42;0
13;209;0
10;233;0
-5;115;0
45;237;1
39;35;0
-8;197;1
28;31;0
44;204;1
-1;112;0
43;224;0
47;223;1
19;216;0
-14;41;0
-11;236;1
50;157;1
36;2;1
-8;112;0
-15;193;1
49;96;0
35;221;0
2;202;1
-15;191;0
42;135;1
32;93;0
19;163;1
11;46;0
33;128;0
11;128;1
50;169;0
-12;180;1
26;35;1
13;104;1
26;147;1
0;65;0
26;24;0
5;72;1
26;147;1
2;202;0
8;207;0
-20;59;0
-9;73;1
17;172;1
7;95;0
-13;209;1
36;50;1
27;44;1
7;137;0
-18;26;1
18;10;0
-2;46;1
39;164;1
3;0;0
27;236;0
14;60;0
21;82;1
-16;153;1
20;118;1
28;58;1
1;1;1
22;119;1
35;176;1
33;226;1
14;11;1
48;149;0
34;39;0
50;177;1
1;23;1
5;114;1
18;23;1
9;5;0
12;92;0
26;8;0
40;147;1
4;126;0
1;159;1
25;108;1
27;210;0
-4;163;1
-15;111;0
6;100;0
41;117;1
23;104;1
20;81;0
31;49;0
29;227;1
-17;50;0
-14;115;1
7;2;1
18;120;0
12;227;0
5;161;1
11;201;0
28;100;0
-17;40;1
-11;77;0
9;26;1
20;58;1
36;82;1
-12;90;1
39;248;0
-10;190;0
-13;124;0
19;228;1
-12;32;0
-6;11;0
8;248;0
-4;150;0
17;88;0
34;75;1
-14;76;0
-12;27;1
-9;13;1
5;214;0
-1;74;0
-5;165;1
37;9;0
-17;58;0
16;12;0
-12;39;1
-7;94;1
-6;200;1
36;133;0
8;3;1
16;104;0
26;238;0
17;119;1
41;180;0
44;34;1
23;38;0
50;66;0
-15;23;0
47;97;0
8;239;1
-9;46;1
16;89;0
36;148;1
6;64;0
39;174;0
-9;47;1
-18;90;1
41;94;1
48;168;0
8;165;0
1;111;1
-18;243;1
48;224;0
-5;35;0
2;50;0
-19;155;0
14;123;1
47;17;1
36;112;0
20;227;1
30;131;0
-12;194;1
45;119;1
-13;37;1
10;201;1
-14;27;1
6;28;1
18;241;1
8;209;0
-16;206;0
40;169;1
42;19;0
4;76;0
23;177;1
31;109;1
-9;85;0
21;155;1
10;82;0
26;232;1
2;31;0
8;139;0
0;141;1
-9;79;0
40;228;1
24;193;1
8;78;0
30;20;1
29;92;1
-20;228;0
14;98;0
49;145;0
4;241;0
44;188;1
7;66;1
38;13;0
14;224;1
21;76;0
1;29;1
6;83;1
9;36;0
15;78;1
49;102;0
46;63;1
10;54;1
33;179;0
-2;39;0
47;62;1
-19;140;0
43;9;1
-11;218;0
12;64;0
42;131;1
11;72;0
26;249;0
10;216;1
23;246;0
-12;7;1
47;160;0
-1;145;0
-2;138;1
3;33;1
8;186;0
49;75;0
5;10;1
40;229;0
-8;225;1
4;52;1
27;96;0
50;104;0
31;52;1
39;224;1
27;33;0
10;83;1
48;177;1
-8;230;0
46;239;1
2;126;1
-14;101;1
1;86;0
-18;163;0
36;142;1
-16;15;1
42;125;1
27;103;0
46;10;0
4;234;0
3;60;0
-2;21;0
12;231;1
3;25;1
-13;3;0
5;176;1
38;88;1
46;72;0
15;250;0
42;30;1
26;151;0
17;189;0
-10;164;1
39;114;0
32;227;1
33;91;1
37;138;1
-11;140;0
15;96;1
44;72;0
7;189;1
40;156;0
-3;193;0
19;209;1
-18;70;0
31;38;1
-7;1;1
9;137;0
47;100;1
47;63;1
-19;155;1
20;185;0
50;142;1
1;109;0
11;154;1
0;142;1
-3;210;1
8;108;1
42;162;0
22;138;0
41;160;1
19;157;1
39;154;0
29;44;0
-18;66;0
38;87;1
35;19;0
35;14;0
-15;15;1
-20;93;1
23;162;0
-16;53;1
5;52;1
32;114;1
5;35;1
-16;22;0
-9;66;1
-17;206;1
11;75;0
10;239;1
32;87;1
36;84;0
-16;220;0
10;179;0
7;71;0
-16;227;0
-9;122;1
48;8;1
45;51;1
8;13;1
43;221;1
-10;84;0
5;0;1
0;64;0
34;111;0
17;226;0
43;20;1
19;130;1
14;170;0
46;181;1
39;110;0
12;226;1
3;1;0
40;103;1
27;28;0
45;140;0
-5;180;1
9;2;0
-14;61;0
16;18;1
34;193;1
13;115;1
15;231;0
29;40;1
-9;245;1
45;145;1
5;108;1
23;20;0
-10;6;0
-8;6;1
20;75;0
44;182;0
19;64;0
27;250;0
23;83;1
37;104;1
1;125;0
25;59;0
14;209;0
16;204;0
1;16;1
-7;190;1
4;2;0
39;140;0
-19;141;1
50;69;0
15;199;0
9;139;0
50;98;0
9;50;0
42;183;1
-2;60;1
4;25;1
35;161;1
11;59;0
18;59;0
-14;112;0
25;70;0
16;101;0
-14;15;0
17;204;1
2;145;0
-16;92;0
37;115;1
-19;45;1
33;64;1
3;85;0
-9;2;0
46;89;0
31;198;0
-9;84;0
-11;106;0
31;87;0
25;195;0
37;89;0
14;169;0
36;184;0
22;150;0
6;34;1
23;104;1
30;82;0
5;59;1
41;19;1
17;207;0
-15;161;1
48;223;1
-19;146;0
-7;6;1
-17;122;0
4;103;0
6;40;0
32;136;0
42;93;1
1;76;0
-1;67;0
47;10;1
7;190;1
2;70;1
41;109;1
39;136;1
-19;9;1
-18;85;1
-7;158;1
46;14;0
35;162;0
33;80;1
-18;55;1
46;180;1
36;118;0
10;68;1
1;236;1
22;192;1
-10;198;1
25;231;1
37;106;1
50;171;0
-13;40;0
35;154;1
29;248;0
30;61;0
31;14;0
44;39;1
33;62;1
2;32;1
19;165;0
25;33;1
-18;247;0
41;64;1
42;116;1
4;46;0
-19;146;1
-17;25;0
0;208;0
31;79;1
31;114;1
17;212;0
-11;60;0
7;71;1
20;128;0
-12;156;0
40;240;0
8;71;1
33;61;1
-14;9;0
-4;185;0
-9;124;0
-3;69;0
35;153;1
45;103;0
2;222;0
36;19;0
7;18;1
-2;143;1
16;45;0
4;70;0
25;39;0
18;117;0
14;149;1
-6;129;1
13;24;0
8;134;1
39;66;0
35;52;0
-15;34;1
14;35;0
-17;99;0
44;20;1
28;205;1
1;21;0
27;139;1
15;37;0
-10;7;0
33;242;0
-9;180;0
-4;241;0
40;189;1
2;88;0
6;118;0
6;98;0
38;234;0
15;141;1
25;1;1
-16;216;1
46;226;1
50;195;0
41;198;0
39;190;0
25;189;0
7;90;0
29;29;1
-7;126;0
45;96;1
13;133;0
-13;233;0
14;218;0
14;118;1
-1;177;1
-6;49;0
-3;128;1
42;63;1
-13;229;0
40;182;1
12;171;1
44;228;0
-8;153;1
47;46;0
14;239;1
40;207;0
11;88;0
36;163;0
-11;92;1
12;108;1
0;67;1
30;193;0
-12;246;1
7;37;0
4;207;0
33;13;0
-10;247;1
-10;28;1
-14;120;1
29;196;0
-17;180;0
-11;24;0
29;126;0
40;199;0
-18;209;0
23;250;1
-4;54;0
42;73;0
-10;204;0
30;176;1
36;131;1
14;232;1
-17;160;1
33;112;1
-8;111;1
29;185;0
34;101;1
25;218;0
-5;4;1
50;192;0
38;243;0
20;26;1
-2;60;1
26;138;1
29;74;1
36;244;1
36;91;0
7;201;1
50;58;1
3;143;1
31;141;0
1;56;1
-9;78;0
-19;201;0
-7;117;1
3;108;0
13;39;1
11;108;0
-7;165;0
27;161;1
-8;9;1
1;19;0
13;24;0
21;136;1
19;84;0
10;19;0
-4;42;1
11;8;0
42;69;0
44;226;0
31;20;0
-9;242;0
46;31;0
43;246;0
3;222;0
49;186;1
17;210;1
28;26;1
39;84;0
34;250;1
36;1;1
5;182;0
13;167;0
17;3;0
5;243;0
29;172;1
42;69;0
2;185;0
49;202;1
6;176;1
25;118;0
44;186;1
27;188;0
48;14;0
27;222;1
-12;85;1
-7;144;0
35;12;0
26;36;1
40;73;0
14;241;0
-7;20;0
47;211;1
-18;89;0
14;63;0
-4;242;1
28;191;0
8;156;1
4;20;1
-15;169;1
-14;5;1
44;165;1
36;8;1
6;189;1
42;114;0
26;95;1
11;190;0
-11;226;0
32;123;0
43;53;1
50;118;0
-10;4;1
27;61;1
-17;80;1
29;240;1
-3;238;1
-1;184;1
33;166;0
-2;156;1
14;91;1
18;74;1
8;127;0
-15;196;0
-13;80;0
9;80;0
4;13;1
-12;50;0
-9;128;1
11;220;1
17;222;1
37;187;0
-17;234;0
44;135;1
-20;201;0
18;21;0
4;4;0
10;185;1
2;225;0
25;176;0
40;246;0
29;34;1
49;156;0
45;155;0
-18;40;0
9;89;0
22;31;0
48;187;1
16;173;1
16;105;0
43;90;0
3;203;0
